,2025-09-18,2025-09-19,2025-09-20,2025-09-21,2025-09-22,2025-09-23,2025-09-24,2025-09-25,2025-09-26,2025-09-27,2025-09-28,2025-09-29,2025-09-30,2025-10-01,2025-10-02,2025-10-03,2025-10-04,2025-10-05,2025-10-06,2025-10-07,2025-10-08,2025-10-09,2025-10-10,2025-10-11,2025-10-12,2025-10-13,2025-10-14,2025-10-15,2025-10-16,2025-10-17
BTC,-0.00231142688144248,-0.010214024388911946,-0.00024791317976780025,-0.018376353210744156,-0.007503066198593311,-0.000688999960834713,-0.008251020731773862,-0.0216069401257325,0.003287945059986752,-0.002738013867298661,0.021771399575553296,0.0191247453029586,0.006255781624329604,0.032926804019179245,0.013418125481665655,0.0222621074090108,0.02007614888865694,-0.011891358248853678,0.006589525415320541,-0.025395516353667658,0.006960426721663859,-0.004259379816464182,-0.07441108350709791,-0.0066334576571733805,0.025942056381543788,-0.01786805504296063,-0.0015908101867064817,-0.013400505239601568,-0.02298036663550518,-0.014976874259079898
ETH,-0.009741232588544646,-0.013838968005277619,4.513403011463524e-05,-0.06113961897134734,-0.004544533398359696,-0.003297452672548884,-0.035500500056739215,-0.025331253337604887,0.024904611615817585,-0.0022438210587969465,0.025420901277047436,0.01680027574757914,-0.008190866596875956,0.057266647415811,0.020943224750682887,0.005919217794282172,0.013958582723543334,-0.008626298777592911,0.04080855701010244,-0.05877623600918669,0.0041470501904519175,-0.01944475507959109,-0.1306203532560991,0.004100971032903189,0.08380319342058562,-0.014658929678349364,0.009815629410360405,-0.02908446836219003,-0.023032267548561136,-0.008683461668341996
USDT,7.842761847420832e-05,0.00012301495616307,8.15532472882019e-05,-1.427724847902212e-06,9.044574605021616e-05,-0.0004179592743734917,-8.221695517274252e-05,0.0004469838090830347,1.1620465606432262e-05,-0.00039245063661130786,4.8107902729688234e-05,0.00021190199941600874,-0.00032944715138993885,0.00039349089671869564,2.0054794537927023e-05,0.00013817486976352988,-0.0006263611289566429,0.00016959561582674532,0.0002460532893571177,-0.000182197818054175,-6.772751081696171e-05,9.097790314460674e-05,0.0011952055962498598,-0.00021902227952586006,-0.0003626906007810904,7.567198490932014e-05,-0.0002668926565897456,-3.01533797393283e-05,-0.0002109695825588398,0.00019221364472499225
BNB,0.002011767942782683,0.0033545150547762415,0.0705531935584518,-0.04054472860707281,-0.03537511803717874,0.026606583921466642,-0.0171466004144204,-0.05759656107208777,0.03095191069060199,0.002998855236828968,0.039411604409679946,0.014191775072058821,-0.012730753224933555,0.019697982280570736,0.06193223939007764,0.07527219680707398,0.0007723875242036105,0.011874890722295639,0.05610589438024438,0.019636350207484554,0.009246984170322436,-0.01860935308880185,-0.12599116905703522,0.032041055072002944,0.1297309980271779,-0.04642459977569857,-0.03508520622324007,-0.008885607308493304,-0.04446488643977653,-0.036032432566648676
SOL,0.003190363569288257,-0.02479483635857871,0.004487232591120938,-0.05515203637956312,-0.04432207946901301,-0.03304125595274965,-0.02113066206739933,-0.051036908619013444,0.03842924049571872,-0.006100748649528587,0.03898512607154392,0.004802401824768543,-0.0043561572635636425,0.07121970083678142,0.03147768116846117,-0.006396161233145792,0.019508523329104355,-0.009094309577525772,0.006392040327871218,-0.06129531901653995,0.03769201848280779,-0.026678196102710383,-0.17439586128303342,-0.006617486422595742,0.06819505430977935,0.03164377410186758,0.020848343212852116,-0.058685508325967084,-0.03426424473260148,-0.006546338738822155
USDC,-5.8757858340530156e-05,6.630501571702752e-05,-1.6378184307219712e-05,4.211493785488685e-06,-6.217161387900294e-05,6.27689306378354e-05,2.1347656911085977e-06,-5.268141513026237e-07,-3.8344076958019e-07,-0.00010548034727264621,0.0001092414674386255,-0.0001584172743208656,5.615276821058224e-05,0.00019585199464966507,-0.00010185456544831162,2.539388302968959e-06,-7.434025189878568e-06,1.0841320742915883e-05,9.63345638502755e-05,-9.133818386797277e-05,-1.2055940322719394e-05,3.204630268704989e-06,1.983238482194949e-05,0.00017961499126473157,-6.800478769142249e-05,6.627116890101092e-05,-8.896610511122116e-05,-4.837154754411266e-06,2.274000164015355e-05,-2.859423754997259e-05
XRP,-0.010533782723284757,-0.014842931681779414,0.0016954233561263798,-0.048399136256368935,0.0035200288717107675,-0.0047709459742183435,0.0017916677643206036,-0.03809978448084661,0.013068942896506508,-0.0030095451384341,0.02761568557248184,0.013963432637924766,-0.018138244344543253,0.041998394200573275,0.01912624027684595,0.00014197328992548996,0.00325676200016356,-0.019771760552994455,0.006128445332686194,-0.0459339488339684,-0.007396858195626854,-0.0021290325229254004,-0.14614431330716826,-0.015383078856313626,0.07264226765787085,-0.016842322824123124,-0.0029493925141472754,-0.037177880603024294,-0.02905582751827418,-0.0006796462186726693
DOGE,-0.011169201125113215,-0.03435787086118047,0.0062103134531357185,-0.08045203019677838,-0.02741781754434014,-0.004821227757620394,-0.01702632099274448,-0.038181280566916165,0.030275384823217344,-0.020038136856312727,0.025095479979425184,-0.006548053035088208,0.004021178917768653,0.08780123488591673,0.01432612845445247,-0.01496673224151801,0.03061991661243657,-0.0300583941963799,0.04894412610604504,-0.07800662558411187,0.01788703929959312,0.009909424485321283,-0.2381796128571757,-0.01598790871390654,0.10049996544600437,-0.020708006981326466,0.0016808420334633034,-0.039354049808797975,-0.03868862924627903,-0.009588613391110945
TON,0.01136121876730023,-0.02343336479750513,-0.003833671285116691,-0.035350163537018475,-0.05973280648632828,0.013260503270228652,-0.016956829926722317,-0.04540412571814301,0.024445558851467597,-0.01786564272200819,0.010634620663494188,-0.016690931313907975,0.0037267602883406248,0.05370439686317052,-0.004740258521934049,0.00924977066546262,0.002810730085140545,-0.009930839193162955,0.0180491213987497,-0.04392228751234506,0.009538853436954264,-0.0105553161110149,-0.2253776335060138,0.007417541517829029,0.06539389234272619,-0.005843818850255755,0.013589546192483981,-0.02832915344626008,-0.029447551430103136,-0.016722019635221685
ADA,0.007969468245278888,-0.01834536312814483,-0.0007277248227356425,-0.06614857119641326,-0.023727107179947193,-0.006666777051985706,-0.020058492473368772,-0.03181188369218779,0.025829127758900228,-0.022475871204920894,0.03330304903782544,0.0010790242031104569,0.0043359814279695374,0.0623979444893914,0.007380891662156053,-0.006127704414963353,0.018067999558224468,-0.03325691551777066,0.03563770280356904,-0.06722791419349039,0.009252279775477934,0.0006052452789064855,-0.2105045238949007,-0.0011539926345083273,0.08357781804855557,-0.0068010479513184174,0.0014384130481694957,-0.04168730460886094,-0.03960437191656274,-0.020913978295699853
SHIB,-0.010876839449571185,-0.02169393990518287,0.004341955142861398,-0.05350380364583873,-0.018900451948922425,0.008743669446369617,-0.01741371772929534,-0.02453841014289926,0.01767150102746995,-0.015225660169736699,0.01735635957724968,-0.008676853553140407,0.007854330677303789,0.05765945693831087,-0.009389824948835446,0.007029846892204317,0.007845209609451231,-0.01643360682474304,0.029621698387439332,-0.05828346006059959,0.009341301475867647,-0.007080786428723451,-0.15526124196804847,-0.020122235931821497,0.0625538534620187,-0.0013417025297168816,0.00819330889586456,-0.0381822987330287,-0.037315222562748995,-0.010297865626552438
AVAX,0.05143566911548292,-0.015316932655427218,-0.02358504659676286,-0.051602887735960334,0.10500148707892132,-0.01731375855235806,-0.07898672484738867,-0.10561522870337403,0.02733532573942865,-0.01972144118202601,0.04128537873218163,0.013415887555088712,0.003946631493599417,0.03029450527833122,-0.008783333716492536,0.01975188256847038,-0.010907023690270634,-0.018898300848460114,0.007207044145321362,-0.07801682411124455,0.013098781850194419,0.0029863759913197896,-0.22568130921012863,-0.03136341167291956,0.047037666763602326,0.018629092557377325,-0.0039442921891086336,-0.0404788756119856,-0.056260046692999,-0.02409062119021077
TRX,0.00918391180829281,-0.0029877351962124266,-0.0019498454520117114,-0.01966759543485097,0.003949136319997271,-0.008198047909583672,-0.007676379195301619,-0.0058582875069073115,0.01575984132691688,-0.004768946625835935,-0.004946229663202573,0.003648774365019314,-0.006362726098112392,0.021395487577678507,0.006433995330890729,-0.008936968384082422,0.0044438560212174405,-0.0004026587604955001,0.010431778968080119,-0.02568449935995054,0.008683904446671997,-0.009956638142312957,-0.055303543474857664,-0.00751045806658468,0.023527423737202957,-0.015731170229224767,-0.00022782308039570598,0.009448440676188552,-0.01172893011179843,-0.014847731535121311
DOT,0.0413228421982581,-0.057352344094933505,-0.0017517214920946822,-0.0659981031649024,-0.018496271823277954,0.005904725593039117,-0.021260687432515635,-0.029356497872053633,0.018789422095655484,-0.018642590398805448,0.03583239895437451,-0.008272635662860184,-0.0012349606073901453,0.07043244574874796,0.006253774403900625,0.012084554924614244,0.00528598193563079,-0.03201515920046949,0.04723718913504937,-0.05934969978752713,-4.1700068965089265e-05,0.00957018413466404,-0.24129033127298227,-0.037435922539688304,0.0693912307728437,-0.004735835918512121,0.011598020465532599,-0.03818016489277021,-0.03911394340630869,-0.028678481043439175
BCH,-0.03864742691659284,-0.010327209822323047,-0.007728867427769792,-0.024661214104029328,-0.039641425928926166,-0.000718484542297948,-0.017408480877484367,-0.024927933439305994,0.011480613990960009,-0.009796251770329834,0.03893559643836708,0.0019075672524493381,0.003087627481596966,0.03938507922304724,0.02926757121131951,-0.01119231643018559,0.018565646850678963,-0.01220709190806446,-0.002082347616103042,-0.037970076570799094,0.009257757491722751,0.018939579891035896,-0.10170227305518886,-0.016561697915112306,0.03486036923084801,-0.020659936656671873,0.012355937048470933,-0.026983868136188804,-0.037264684201973375,-0.05060826324033496
LINK,0.02447122290743997,-0.04224481867068142,-0.002219423759910133,-0.0699413098186833,-0.01199140904023177,0.00736915122390136,-0.021846540886001575,-0.041820222406665386,0.03485334796147632,-0.013171937147764434,0.027916668898397834,0.009752900950486643,-0.010274703136421759,0.06620949986068458,-0.009968408572628262,-0.012609748173066038,0.013465029307659249,-0.0300712861414828,0.07239354500230077,-0.06905744824693627,0.025872248765688388,0.0075586640002605066,-0.21775742140351295,-0.015593575944911953,0.10626496974785948,-0.009520374494008221,-0.001496096328692187,-0.0520342408070259,-0.039462234985759514,-0.034076525160151694
NEAR,0.11103461957805028,-0.026385655187540213,-0.0037414332049983123,-0.07160633753507395,0.009573465225022337,0.024444817075487624,-0.03481646958510631,-0.07201438968129581,0.01772065715163551,-0.02001016798377353,0.03195841952046874,-0.0168775690611781,-0.023234726081932666,0.09999772450809452,-0.0014069927034267016,0.029649690791273553,0.02588425826120133,-0.04318428769408589,0.03139413377576594,-0.03961349442338369,0.00019943840408997993,0.04915040374077484,-0.21094909778147664,-0.04497705677989394,0.05891591198091528,0.015501560433701655,-0.011833575737252633,-0.05221369203175408,-0.05171913538014372,-0.02323671797598137
MATIC,-0.014818880444009808,-0.021273312947387213,-0.0033397938175748765,-0.06793452934878119,-0.038441265264081315,0.001838568894729109,-0.020524820088225426,-0.019349783821640876,0.03592752312020875,-0.0011753544462402843,0.021241798449957994,-0.010653455679872081,-0.0036480999568122563,0.061667245768719514,-0.0030424219123821317,-0.001801339331472973,0.013965108040693508,-0.011135423278350154,0.035802678479202044,-0.050007597493848976,0.013085401074687253,0.0029256919454567765,-0.19871900198093329,-0.014254921201101833,0.05694804041276069,0.003808739578784248,0.0021103383621847716,-0.025441969389394026,-0.04160837779869997,-0.050874265846290956
LTC,0.002255821035153982,-0.021570550132967603,0.0009780537593861993,-0.037784900191681126,-0.04182489346769935,0.013982748708240011,-0.02385401821118227,-0.015843366891266863,0.00841969016878763,0.0006503708828853316,0.02052461391330529,0.0025758031921501168,0.0007310178113908439,0.10789854606452987,-0.002850205868642597,0.0125638421707579,0.020957408801723254,-0.007082646533702497,-0.016080485634246577,-0.025761336566573312,0.026466294358101328,0.09246478477690045,-0.23951016705273886,-0.041040158274088245,0.019447788694523904,-0.008805871321819314,0.026902011632359057,-0.03909503662967384,-0.031177794704315365,-0.007369150317957152
ICP,0.00611310313858926,-0.023287449002300953,0.0011472487264840847,-0.052791995745682496,-0.048696590694164765,0.012253915802549198,-0.028657145070258183,-0.03144303784282232,0.026220259052965655,-0.009094505125806562,0.019649307553682993,-0.010099505006412657,0.014827458849410169,0.05835962276565221,0.004990750830216273,0.008167146204999698,0.0047583986027321945,-0.01791010655650138,0.017154260050423087,-0.047552807656622065,0.015604856082281682,-0.002306649121857962,-0.2788712350113429,0.0035452769212516166,0.09012354726096716,0.011422127203839505,-0.016058608514024297,-0.04682812463562902,-0.05954707241214441,-0.023074202308917435
LEO,-0.001110760037184244,-0.003302661058389389,-0.0004524154649658829,-0.0004043028871374421,-0.0013938091790930418,0.0025124844389601275,0.0010740238162547655,-0.0015245482657504361,-0.001469677793006663,0.007600718245139859,0.00538604318795044,0.0014438861005439119,-0.010734589052006416,0.00719597179517506,0.0034799917244454637,0.002704691819936489,-0.00046921173420033657,0.0009336566117712497,-0.0014005694294598747,0.001624522896958025,8.297123050904354e-05,-0.005437131377037163,0.0004699091122450927,0.004061856475042092,-0.0011038373633338594,0.0004964384663665999,0.001022686499545955,-0.0012969881762667779,-0.0007399523775154515,-0.021744422609758618
DAI,-0.0003052032962048701,-0.0002607248982287036,0.00041773177890269686,-0.0002326666764996821,-0.0006645407136079973,0.0006003850931168841,1.0584531776824946e-05,-3.149757934617359e-05,-0.001296307322003587,0.00015221036244361663,0.0021296007644293624,-0.00012967057557700112,-0.000893812985882092,-0.0002522151995379973,0.0006821207338736368,-0.0005532012336175729,-0.00029385973510265284,0.000976976053233436,0.00018804094517510528,0.0002738245049185295,-0.0008107429785876308,0.00012536751713709826,-0.0012824867912404336,0.0009675476709354314,-0.0008438504017190818,0.002179757197245502,7.379976201349336e-05,-0.0008184388073265714,-9.714186827691762e-05,-0.00015197560078372696
UNI,-0.016263968460432987,-0.021670328932742677,-0.000891408417888484,-0.06389287283757139,-0.05507396133891551,-0.003238045491795294,-0.04419651606859898,-0.03673566372457937,0.011609807181950593,-0.0029808612164332615,0.022759874136448754,-0.008738408109996487,-0.0014269561491384586,0.07151107408634871,0.012709157337663646,-0.023995963909267504,0.02267302329235843,-0.01909948412619622,0.02316446990286858,-0.07000621885829861,0.02424968286953022,0.04570461248119684,-0.2901389023575254,0.03760197700431234,0.08526259523540003,0.015117578322191072,0.016108645679620448,-0.035109171857373944,-0.03918534620204628,-0.02485790396993115
APT,0.01462751998412637,-0.005732593649577344,0.0033333868668037336,-0.04896098659979353,-0.03133103804399451,0.004895862837339671,-0.031055777187980582,-0.052666474335458235,0.039703042686410006,0.00685382612685026,0.030321046699282705,-0.0030379691924233843,0.04102433200071087,0.10241951505776403,0.045405462362766436,0.06770526368597518,-0.014505494109577133,-0.0077206414765541576,-0.00025913902383045695,0.002274048918133431,-0.05157034249431802,0.002531319911825314,-0.20823441241158436,-0.10053948801290746,0.056970169015663874,-0.02965175639808504,-0.010812076230570455,-0.04882445613049047,-0.06848527717957043,-0.027604156323437934
ETC,-0.006191402022050818,-0.020595540017687153,-0.004236763910673402,-0.057916399055064405,-0.018835849421332318,0.01198801535048366,-0.0253947829260337,-0.023538660783861687,0.011756274679079803,-0.011223583153427752,0.02281893604551244,-0.0002744653997714952,-0.001947795623873927,0.0698014494048238,0.003891186085829279,-0.0034914095476358264,0.008425786547248348,-0.015239133731383525,0.022891935788301288,-0.046762321856115285,0.010504643104749078,0.05185606197119719,-0.2717692777009466,0.028035962466029574,0.10303455094754477,0.002287290050030588,0.0008049612611316093,-0.028577068908016146,-0.038726637964172306,-0.011009319086243252
MANTLE,0.02865525656184298,-0.042543086618203385,0.0023608808898409883,-0.10538753651480037,0.14941556681582857,0.04335609015424824,-0.07652104558230688,0.02193960367464154,0.02224860669854989,0.005468272658680551,0.003645591286404626,0.06392093768978735,-0.02393974877718774,0.06337344610949214,0.016727797513526488,-0.008440261845764852,0.022209507842120946,0.06055179674319611,0.09751296052375702,0.011247034332587669,0.18934737157214143,-0.16068643101959457,-0.2419502083205749,-0.07266097434685082,0.2474431569338722,-0.00751726205274772,-0.05608830605850934,-0.033767936386202124,-0.0889455772388077,-0.027443301815871624
RNDR,0.0011399301377519322,-0.01455520906745078,0.017257377813062247,-0.056985468613846235,-0.046996624937108766,0.00441223900457155,-0.03208701754156129,-0.04359876314350353,0.019824031945921083,-0.026937675137221895,0.02429821669446275,-0.009298025344210203,-0.011067558339437733,0.08009590177123038,-0.004808882589360408,-0.012099956325181793,0.008759684121687483,-0.022937340047792132,0.025628706255728773,-0.06973608478521576,-0.007330717771160122,-0.011178316314956915,-0.24645983850457354,-0.030672296316298864,0.17086200703910204,0.03463210181009346,-0.019002289180007126,-0.046403967180222994,-0.06609859873068868,-0.021348870544033005
HBAR,0.006561396840776501,-0.008323001552276832,-0.0020004329302940604,-0.0780355933149498,-0.011956240402642648,0.010214977144723969,-0.03597277639773022,-0.03576679561435869,0.03105661903679091,-0.013868353661166344,0.019905354923719587,0.0022679088566599503,-0.012089976109095346,0.06318249620790706,-0.005705695411982181,-0.007984761013905994,-0.007851939663810814,-0.01770506341984246,0.05152416514278424,-0.057347392141818276,-0.006803242524735964,0.0028947139797177446,-0.2166556244833927,0.014566247654129727,0.07883666462665162,0.0014133067780730535,0.019645834725749545,-0.051612280760478635,-0.04865869436165371,-0.03135417326958556
FIL,-0.003820633089774317,-0.0340040378557549,-0.0037963288963822617,-0.05584946467870666,-0.03307609946600698,0.007541617790602695,-0.02486587231823112,-0.03128582143127512,0.02523658982643817,-0.015256371558511339,0.014976475413638335,0.004807169947004253,-0.00652483970132256,0.0688923625986011,0.0022377233503876326,0.011090844738528949,0.0016710571938853835,-0.017776040767161216,0.030547761403639795,-0.056758513260293575,0.02125267728462843,0.030772082047549887,-0.2894483773740927,-0.0837893043645297,0.0509039636192028,0.008524850523707217,0.013480189324666991,-0.046235593884424664,-0.06603272522750037,-0.0015904242130131419
ATOM,0.010288831117606145,-0.033252301048062205,0.0028215879543200817,-0.057947712004709606,-0.01969693449347243,0.008249374343880955,-0.01847930191999525,-0.022242084653186667,0.022089031759473743,-0.012457710372769992,0.017558357666294766,-0.011487742911126753,0.008694680995420034,0.023815113735126348,0.004331245880416779,-0.0028274232694290857,-0.003435334436072246,-0.012775799389346365,0.027526487817367773,-0.053071298110454745,0.011355209756629181,-0.0008491643490944334,-0.232062355161058,0.01712415346444729,0.09001331355617959,-0.004181056567281405,0.00022504490116403986,-0.034328983360143006,-0.03413560028939677,-0.014854313308962253
ARB,-0.0015191020453840798,-0.04481653372839334,0.0044276597726689015,-0.08077427971350293,-0.06548048541247675,0.02568593286915255,-0.03429198570896563,-0.03235883014712826,0.04005239344828415,-0.016870435932910377,0.0092555742631939,-0.020933199829661464,0.01757223794706686,0.05028039419720498,0.010349412781156309,-0.008085081863753563,0.009634234794794194,-0.02855830493215572,0.05650136691185459,-0.08679899069993646,0.019262692117185676,0.00018444042975840347,-0.2753745854606985,-0.0032771502495171356,0.07457028836176427,0.01505328004083295,0.019391901278092538,-0.04948466488066594,-0.04506340771946482,-0.016102946808255747
IMX,0.1604279542213447,-0.03378354528733518,-0.06861060647024153,-0.07927933049829416,-0.08605740720192157,0.08005112663563319,0.05822455220232259,-0.08170096215803146,0.01744712959292083,0.057827209929316004,0.019369003439709154,-0.0703224934594695,-0.005293609789611353,0.016205239699585983,-0.02194682659300773,0.10386116425356384,-0.013177342627283428,-0.02753386612649733,-0.0026766993461522226,-0.06753044726457036,-0.011197224359906555,0.00747405942458923,-0.26820062704155756,-0.044523854032974874,0.1501791990906831,0.04045506792843545,0.03769686624924451,-0.11377550704549932,-0.04443104170767087,-0.022964391781762128
STX,0.008503262363997566,-0.035386537520211925,0.0050039756566124804,-0.05895986427620836,-0.03291678674356158,-0.0024263958572572353,-0.02391236759603177,-0.030047204632902447,0.021203084290683627,-0.023084818707698185,0.028741095821182894,-0.015933234332305424,-0.002605818023807882,0.06651898495355213,0.00943856480378269,-0.007075389183210823,0.010172665416092297,-0.02853780629738767,0.10136761871483224,-0.09601403951390797,8.293493701394539e-05,-0.005328451753988883,-0.26490562252220673,-0.029219763388371178,0.0893723903794732,0.006431221228311523,0.015151104285368255,-0.03763956479450237,-0.04415824495927978,-0.01917997118475201
CRO,-0.007174529873475555,-0.011215803066106478,-0.013195585325234682,-0.09728388544705469,0.0047911077579865236,0.0017946960764738673,-0.0791731160572382,0.016649929607090108,-0.033427275687920144,-0.012295222009548912,0.012373149288765095,0.006933029912113309,0.019829313484588384,0.10336817399707598,0.012164193408122692,-0.004285968820182506,-0.01763329581721984,-0.01573797740180949,0.012077730706498535,-0.0668253488543109,-0.007985958240268487,-0.013163206585650511,-0.1759600549300585,-0.0018009483240982727,0.08024604165844207,-0.047843708213935465,0.01703549220844236,-0.05487088540600771,-0.06819997378865739,-0.007145969537085128
VET,0.03038667197478384,-0.03778460775355741,-0.011323763643688589,-0.04027432602555647,-0.03909549175463645,-0.006420889375574723,-0.018740148924174416,-0.029208206604183884,0.026763505422766398,-0.02636120124143093,0.014381880720645723,-0.002446817276870128,-0.0026271400235379216,0.07156545900939792,0.012267803965023028,-0.01171348158097163,0.009173984138084013,-0.03192209171986804,0.027868459367568876,-0.044624234983067224,-0.005445278431515654,0.003232004890914908,-0.23087523474518612,0.009229806432246468,0.10082298105158216,-0.009348387086025367,0.009282453228743437,-0.049582189252244,-0.0494561125037869,-0.003247425472322929
MKR,0.00017928977216041808,-0.03841112347263553,-0.03156183908335941,-0.0350550684579124,-0.030002681370189466,0.06040883635826355,-0.05993002082194132,-0.010653984098597524,0.02673961959287774,-0.0388512781537913,0.044396686323138645,-0.03912547636024721,0.04410662020113709,0.038946482024862616,-0.01550928714191735,-0.010649621872339643,0.0033863419345681045,-0.012261802321532178,0.026947042629021034,-0.06074958727083124,0.03233378807131748,-0.0009102225247722417,-0.14443228982237488,0.0237603872120995,0.053457087416320714,-0.002282862433690136,0.01580888986568274,-0.05686213446382393,0.0015405351709711912,-0.008428794559864672
INJ,0.0041808143887382965,-0.0350528240930742,0.0008527478711357617,-0.08702460489680475,-0.031621296683843725,0.0013148117005949977,-0.02244291265236431,-0.04770177622184513,0.017741250364905925,-0.005651464193479949,0.030758890586622067,-0.005836976615959055,0.002392355181332295,0.0631238949486812,0.00636261715078934,0.045674518969321065,-0.037818300979785,0.007674984155592979,0.005410309647475353,-0.058964692552345266,0.008676061338425134,-0.007937725290576236,-0.2686900282942434,-0.042181122893705014,0.0969766294548613,0.0016805032237408035,0.004226668757545848,-0.05045988462457318,-0.04931630399766174,-0.019888258323862096
OP,0.01788255535002814,-0.035505977705655334,0.012611031429572872,-0.09414996789892938,-0.050835770663190005,0.0060100465523940105,-0.03972027775338549,-0.040407135443503495,0.03488673272235765,-0.011097334646391066,0.017524969797722445,-0.008414303718396687,0.0026359049814284052,0.0720688717923128,0.02386179629770724,-0.001563652150664896,0.012180483908785122,-0.02726337461444872,0.03549320307591852,-0.05996977344678034,0.015973326963320877,0.014415221030479097,-0.33789284495402827,-0.04353760496751802,0.038987949333089356,-0.010083147252821445,0.01865673786674371,-0.05220639304442598,-0.06349703224445813,-0.012395141585468172
GRT,-0.0012417650094873611,-0.03598909379648785,0.00817188143393488,-0.06824519035723642,-0.039624702338343254,0.005342103282869992,-0.026869537035556834,-0.030690184499348017,0.030921081588212385,-0.03000968677235505,0.021442287822934336,-0.012504776269166129,0.004051123386560551,0.06787988950191015,0.012793512319788647,-0.038617244737559786,0.021528022545508785,-0.03252152226217342,0.036291056016963585,-0.05560269555453656,0.0043276721932785644,0.0011882023559812716,-0.22224530227229555,0.006770157147431899,0.0665981517631411,0.01096793188698375,0.001525488862937019,-0.043355036876464026,-0.028586420054094397,-0.023428812898836027
KAS,-0.004780435939109151,-0.024617121904478623,-0.013198876660611036,-0.057466200632499076,-0.002314977825659925,0.00676767717279092,-0.029923144146819736,0.030640178160489917,-0.009480221507605968,-0.037659269315465926,0.020631562264377568,-0.012264380626435867,-0.0023093367277918775,0.056692908468108705,0.0018093152244185173,-0.009736896798587136,-0.01987562091094719,-0.025752858930678912,0.039476471359123355,-0.05234798665254303,-0.0016234616181870498,-0.004059609975397116,-0.1913157248417473,-0.04847958930254226,0.06025302859208104,-0.000387311078362651,0.002373279849468224,-0.05528213647742097,-0.07048852361211722,-0.03640609388569427
XLM,-0.007858328182836716,-0.0025940361675804713,-0.0033844726829234117,-0.07230120873014134,0.022967763506404948,-0.010052521198399722,-0.006441304350407018,-0.03424908664428761,0.029755553685072655,-0.012937482328668648,0.024468510033708757,0.010451416205209174,-0.011811236900794442,0.09305213013102587,0.005478746480932717,0.00208240447734398,0.000490428504811069,-0.006034022879331524,0.014697435196776576,-0.06431006487839774,0.0056298496176387935,0.0026338229712203898,-0.15203390151957785,-0.004144967162788893,0.04975430669329173,-0.012808863493933842,0.004041866304212771,-0.039117808998091363,-0.0430573004940672,0.006657161781292942
XMR,0.016005481808022637,-0.006031109702973159,0.0018958142723140003,-0.03204400571824184,0.00980075412624215,0.03285303814998586,-0.03033352091427688,-0.0005058234786466942,-0.015821856461176065,-0.0011854089221376984,0.007306730038731057,0.01063230392818526,0.008009313398328999,0.07992242290790386,0.030560821046809128,-0.01809980502458297,0.04004744244937597,-0.0413552276806467,-0.006258705243616158,0.007944651084228926,0.04925389790876311,0.00822362147466249,-0.12680839975788138,0.017302783704162827,0.016364592339822792,-0.0023241737371195725,0.043352205298013535,-0.005201369011732626,-0.057504688498244416,-0.02332273791418693
PEPE,-0.026840207146828998,-0.027458698010145,-0.01013020142173815,-0.07690810355496325,-0.030620723071795863,0.004611913918584953,-0.011270881163073732,-0.03851319819459309,0.025437821974242825,-0.027938131855134163,0.02582828055059916,-0.009964209539923163,0.0062145780786844185,0.07931029797225109,-0.01185513620292511,0.0028882124804874287,0.002981376481407505,-0.023873380629091723,0.0406596999680886,-0.08211225374246989,0.0035323026582210204,-0.0016494067890244768,-0.257124177067811,-0.02973254480304377,0.1223093165706357,-0.011208151217512952,-0.003585914916127031,-0.037996397595233655,-0.04668987398895397,-0.01734638158627133
FDUSD,-0.00013706430422277815,-0.0003469899184780356,0.00018546505909400324,-8.566419673616821e-05,7.958466195923108e-05,0.001134003077500001,-0.0012970199895889767,0.0012127930979752843,-0.00044745159761394593,-0.0007231290648044286,-0.0001270307882437205,0.00030023280168300914,-0.0004277956358168522,0.0011131782653901467,-0.0004547436319582987,0.00010584271545655,-0.0005141746001136038,0.0001634422265908153,0.00023417967420202856,-0.000809829420630348,9.581273092695852e-05,0.0009389306677938247,-0.0008456539488219672,-9.578125811893212e-05,0.001023362573005615,-0.00017013700537682475,0.00013083907275968087,-0.0008100589490352972,0.00039973690331240874,-0.0005026831868847337
SUI,0.012733270957329346,-0.03664534500882588,-0.007539638037055152,-0.0538647277974883,-0.03067383972959814,-0.00012017695572252851,-0.02451368379269636,-0.04894858303331695,0.028159439355609717,-0.021477708445512222,0.047503417670126336,-0.011083027429760084,0.0005962618993875513,0.0939044485205025,0.006395679575347257,-0.011118506845405829,0.03268751390233238,-0.025732482817777402,0.026091786862854516,-0.0558107340305114,0.007125431596801457,-0.00496564071819916,-0.21864007590500478,-0.060567142524860174,0.10719835419638257,-0.009747722264423664,0.01286983277345044,-0.053377851449610825,-0.06084582730624133,-0.027909710086775896
OKB,-0.004581496600827184,-0.007202117136885011,0.04665840927782128,-0.04807425606513527,-0.056297851065795546,-0.01152922266984635,0.005259034727906675,0.05999110912113803,-0.0018961970970514663,-0.0001821480786214913,0.01320427166433058,-0.016420038946100113,-0.014940889812027902,0.03423810763931723,0.0007006605673944843,0.18087937736588056,-0.005488882132941408,-0.02235187756135859,0.033352216347737995,-0.06320298922106149,0.003242660843995049,-0.043234512859134044,-0.12505231263056116,-0.03894830654380321,0.07496921596547823,-0.028049349881573704,-0.0014186442078678585,-0.01989981888214787,-0.045410663453084865,-0.007833863896355764
LDO,-0.007686607973940385,-0.051233954879194354,0.01549566528525359,-0.08133279651648417,-0.048394681549883356,0.015589745679212008,-0.030336677362477138,-0.02648775918169921,0.027014158086373197,-0.013828217066146786,0.03327571592065981,0.06810905926123167,-0.06854613453966685,0.09581051089596304,0.029072699646785827,-0.025995768479831982,0.007436698845338263,-0.04548377531163561,0.06558060115861375,-0.06310885166745495,0.0148215615271583,0.0009449909457375227,-0.3079285601840194,0.005949458615531089,0.10391872363406285,0.04917833375309266,0.02876557856441564,-0.06814143066107825,-0.035323056672548425,-0.016504194352750856
QNT,-0.006114487444151218,0.001237587649789651,-0.005614341965955227,-0.03205432173369127,-0.041690314022642005,0.06102384905121183,-0.03886195075877796,-0.07274257882500312,0.07027563741088705,0.08003817694857118,0.014248104729383648,0.02386603373864804,-0.03314888773410041,0.07700791216488723,-0.019753100938081802,0.002739087797017703,-0.017647715878355674,-0.01974685457706893,0.033333904425833616,-0.04359626415816942,0.010177358393467006,-0.015312511119037198,-0.10647128390870653,-0.02529088905586896,0.01649604238251312,-0.022272484229416856,0.03378631634990681,-0.033069186722092025,-0.058689757440207324,0.02072377359646671
THETA,0.000233153265978725,-0.030083130940027014,-0.0018860628004656599,-0.06362339724791599,-0.04381776729471154,0.008555438515031044,-0.027943939191119704,-0.04437300906689334,0.023842525291831063,-0.02782564945738142,0.004348258857682863,0.0018921011288128842,0.00430980765175093,0.059877681277387795,0.0015548084264338513,0.01102684825159761,0.004917085321872072,-0.012497444189666584,0.04601988201929608,-0.05664283895273459,-0.011762428204716735,-0.0016642173123444515,-0.320311528149295,0.03169223812788258,0.1261171085979811,-0.008043471975782035,0.023631978289985645,-0.01646064327434793,-0.05326818515206666,0.016368041811178013
SEI,0.027717250942493,-0.05064675945474795,-0.0036478210417588697,-0.07203160354265647,-0.02670583289147843,0.009737472800762648,-0.024427617706318294,-0.04172316376621843,0.029064574783729924,-0.026221453631967928,0.0238642854349691,-0.0047956141180507394,-0.007283015587110753,0.0851799367792514,-0.019927953322069092,0.0042870476300029825,0.00822279942018933,-0.0280676822670457,0.047703290889877126,-0.07763013287357945,0.01487833821730411,0.014457269362086134,-0.23947991149136005,-0.05627285912265145,0.09561488565059673,-0.01671813954167467,0.007439808144300342,-0.03906617156207093,-0.060391111572972944,-0.050285610578524875
