Ticker,2025-09-19,2025-09-20,2025-09-21,2025-09-22,2025-09-23,2025-09-24,2025-09-25,2025-09-26,2025-09-27,2025-09-28,2025-09-29,2025-09-30,2025-10-01,2025-10-02,2025-10-03,2025-10-04,2025-10-05,2025-10-06,2025-10-07,2025-10-08,2025-10-09,2025-10-10,2025-10-11,2025-10-12,2025-10-13,2025-10-14,2025-10-15,2025-10-16,2025-10-17,2025-10-18,2025-10-19,2025-10-20,2025-10-21,2025-10-22,2025-10-23,2025-10-24,2025-10-25,2025-10-26,2025-10-27,2025-10-28,2025-10-29,2025-10-30,2025-10-31,2025-11-01,2025-11-02,2025-11-03,2025-11-04,2025-11-05,2025-11-06,2025-11-07,2025-11-08,2025-11-09,2025-11-10,2025-11-11,2025-11-12,2025-11-13,2025-11-14,2025-11-15,2025-11-16,2025-11-17,2025-11-18,2025-11-19,2025-11-20,2025-11-21,2025-11-22,2025-11-23,2025-11-24,2025-11-25,2025-11-26,2025-11-27,2025-11-28,2025-11-29,2025-11-30,2025-12-01,2025-12-02,2025-12-03,2025-12-04,2025-12-05,2025-12-06,2025-12-07,2025-12-08,2025-12-09,2025-12-10,2025-12-11,2025-12-12,2025-12-13,2025-12-14,2025-12-15,2025-12-16,2025-12-17
BTC,-0.010214024388911946,-0.00024791317976780025,-0.018376353210744156,-0.007503066198593311,-0.000688999960834713,-0.008251020731773862,-0.0216069401257325,0.003287945059986752,-0.002738013867298661,0.021771399575553296,0.0191247453029586,0.006255781624329604,0.032926804019179245,0.013418125481665655,0.0222621074090108,0.02007614888865694,-0.011891358248853678,0.006589525415320541,-0.025395516353667658,0.006960426721663859,-0.004259379816464182,-0.07441108350709791,-0.0066334576571733805,0.025942056381543788,-0.01786805504296063,-0.0015908101867064817,-0.013400505239601568,-0.02298036663550518,-0.014976874259079898,0.0009273180639772782,0.0383083577761163,-0.030501979641668564,0.005129195545573895,0.007319661499843866,0.021396116883500627,0.0005415256298177962,0.002668034547641751,0.03473498658140706,-0.01657226115081112,-0.0048032502000112665,-0.0239214005395737,-0.004674999977734906,0.0026550245958603114,0.00290592291857239,-0.02601357861512632,-0.028598564122003456,-0.02605946924043845,0.013134032528532513,-0.007069203386466993,-0.0013327789918318178,-0.003794151432693238,0.04119495516676985,-0.006443522277233549,-0.019255976204755054,-0.0029953027896448825,-0.05418710389258241,-0.012123420627801695,-0.003961118955521981,-0.00806792883065488,-0.053687608631966754,0.0031974243524155455,0.025231126233170587,-0.07044170782749015,-0.021676821484986175,0.024018657831518242,0.013705428259507046,0.008162360615360909,-0.006439002119711046,0.03891665979690284,0.007508604117088202,-0.00941219805371396,0.0006658454259347302,-0.05311905553365792,0.011782816778003191,0.07658535072612804,-0.008261129505531262,-0.01053261896641211,-0.02528951207522223,-0.001061074222108882,0.020401202258871542,-0.01537719529667414,0.029654655938993413,-0.024442315353800592,0.023155092667614063,-0.023089327758401335,-0.000983902688287519,-0.006992685733123838,-0.03938916361941669,0.006678469955014421,-0.005451449137533371
ETH,-0.013838968005277619,4.513403011463524e-05,-0.06113961897134734,-0.004544533398359696,-0.003297452672548884,-0.035500500056739215,-0.025331253337604887,0.024904611615817585,-0.0022438210587969465,0.025420901277047436,0.01680027574757914,-0.008190866596875956,0.057266647415811,0.020943224750682887,0.005919217794282172,0.013958582723543334,-0.008626298777592911,0.04080855701010244,-0.05877623600918669,0.0041470501904519175,-0.01944475507959109,-0.1306203532560991,0.004100971032903189,0.08380319342058562,-0.014658929678349364,0.009815629410360405,-0.02908446836219003,-0.023032267548561136,-0.008683461668341996,0.008005434224791053,0.04336120861384307,-0.04954052999528624,-0.0007825522176706512,-0.0035242602421209357,0.03366469807698591,-0.01224847531640516,0.004109868336171774,0.07257087920364658,-0.03722645893070442,-0.011601124966912013,-0.026205512524771435,-0.018717325749128766,0.0019870932363872384,0.011371096817199167,-0.04332629242828834,-0.059247113760866,-0.052222566389536595,0.017242621065692854,-0.005763439466832554,0.019534174459618026,-0.007770794536918757,0.05846690519846098,-0.013081283649251096,-0.03029983445443163,0.024294935908815818,-0.09597899751554329,-0.004772305438499269,0.009382298649198262,-0.006494710184507424,-0.058344276251711125,0.003209042364223258,0.007959779783040188,-0.07442671411493529,-0.024287070400163757,0.029987262873365506,0.015128758576470558,0.02339496820553011,0.004115485729835999,0.026932594488257022,0.000258662722801839,0.00313498726095518,-0.013361724951559628,-0.054952117145458,-0.009212167305198027,0.09182466593553573,0.04142860117413116,-0.009930681118035967,-0.03734620447078796,0.0032320266144632015,0.02739719598895518,-0.007272498220164625,0.06942730810382614,-0.033591203564868666,0.010758742717234204,-0.04865915932891984,0.007490254074441038,0.0025303147870974207,-0.06265417787004646,0.002151994158459569,-0.03480724897890508
USDT,0.00012301495616307,8.15532472882019e-05,-1.427724847902212e-06,9.044574605021616e-05,-0.0004179592743734917,-8.221695517274252e-05,0.0004469838090830347,1.1620465606432262e-05,-0.00039245063661130786,4.8107902729688234e-05,0.00021190199941600874,-0.00032944715138993885,0.00039349089671869564,2.0054794537927023e-05,0.00013817486976352988,-0.0006263611289566429,0.00016959561582674532,0.0002460532893571177,-0.000182197818054175,-6.772751081696171e-05,9.097790314460674e-05,0.0011952055962498598,-0.00021902227952586006,-0.0003626906007810904,7.567198490932014e-05,-0.0002668926565897456,-3.01533797393283e-05,-0.0002109695825588398,0.00019221364472499225,-6.80515724509334e-05,-0.00011584081033944038,1.4451850160579482e-05,0.00011832115625742823,-0.00016669669304225643,-3.600057418295943e-05,-4.590265811366123e-05,-6.0085567749834645e-05,-0.00018650260940256125,-2.122753719357995e-05,0.00017300305951639672,2.118015289576114e-05,-0.00031103521589503913,-0.00033424674535043053,0.00019253541844710398,0.000256637991787656,-0.00024180480301982943,0.00015132527661410045,-1.606258302733199e-05,-0.0004900309999782415,-5.985933147234501e-05,0.00034129966031537506,7.503681344811497e-05,-0.00017524777155186744,0.00010789398751254176,-0.00010634170147394428,1.2383563868345604e-05,-0.00015868883509873033,-7.927384642614221e-05,-0.0001818437178195964,-0.00015005585924454667,0.0002484431903195805,-8.855639751847999e-05,-0.00044131353120402395,0.0005331376580302027,0.00018114721816764323,6.973889003125677e-05,0.0001103226695591264,-6.281296622079324e-05,0.0002957987434788478,-4.567429759994024e-05,0.0003506261222703255,-2.68907117813022e-05,-0.00021897634479017825,7.917330805629064e-06,0.00012018808987668272,-4.9675695942275055e-06,9.183084675057351e-05,-6.163243388035422e-05,4.9554228763737385e-05,-0.0002482488982841202,5.0801744838402385e-05,4.831563310703224e-05,2.7646746317167015e-05,-3.9211550074913504e-05,5.196771799220734e-05,7.611918964434139e-05,-8.680238329961121e-05,-0.0001773504893534117,-0.0001271429700450133,3.390333217256902e-05
BNB,0.0033545150547762415,0.0705531935584518,-0.04054472860707281,-0.03537511803717874,0.026606583921466642,-0.0171466004144204,-0.05759656107208777,0.03095191069060199,0.002998855236828968,0.039411604409679946,0.014191775072058821,-0.012730753224933555,0.019697982280570736,0.06193223939007764,0.07527219680707398,0.0007723875242036105,0.011874890722295639,0.05610589438024438,0.019636350207484554,0.009246984170322436,-0.01860935308880185,-0.12599116905703522,0.032041055072002944,0.1297309980271779,-0.04642459977569857,-0.03508520622324007,-0.008885607308493304,-0.04446488643977653,-0.036032432566648676,0.002755751098890258,0.03848147466292429,-0.057283711433397055,0.001222671871642822,0.025314106263446545,0.039690191514283324,-0.021293934880010634,0.003284658415791286,0.026262736336688297,-0.02079689109209748,-0.013613197686357714,0.002925408678104535,-0.015839422973276007,-0.009412818867196915,0.004898742223217845,-0.04866123852922888,-0.08341835078446858,-0.00573984592461807,0.0037871006436260846,0.01959828275296438,0.02142895901589026,-0.0005233088814978748,0.018182835100946093,-0.021227752299243896,-0.027359044337450844,0.011460485602376114,-0.052259272208859064,0.014591837647015549,0.013038101678989777,-0.01085364738699568,-0.025218026491034107,0.007890360560216303,-0.010382760608275143,-0.05114452222519683,-0.04370367939940567,0.02750366676829663,0.008654561183767395,0.011624400634123067,-0.0032140890109404463,0.03571892505235863,0.00445243295065012,-0.015104973074710037,-0.011437442704574474,-0.055648058182947935,0.009858548106377318,0.08681547039480453,0.005422893713684207,-0.009749693810112703,-0.018562361253069093,0.012821060297575348,0.009240171402391306,-0.01392557736238853,0.0035863205441462043,-0.02229284888470584,0.020194104654950307,-0.005761735499408727,0.009590559278523703,-0.006954801248326481,-0.03545023556070148,0.0024139353496472893,-0.02061337239634653
SOL,-0.02479483635857871,0.004487232591120938,-0.05515203637956312,-0.04432207946901301,-0.03304125595274965,-0.02113066206739933,-0.051036908619013444,0.03842924049571872,-0.006100748649528587,0.03898512607154392,0.004802401824768543,-0.0043561572635636425,0.07121970083678142,0.03147768116846117,-0.006396161233145792,0.019508523329104355,-0.009094309577525772,0.006392040327871218,-0.06129531901653995,0.03769201848280779,-0.026678196102710383,-0.17439586128303342,-0.006617486422595742,0.06819505430977935,0.03164377410186758,0.020848343212852116,-0.058685508325967084,-0.03426424473260148,-0.006546338738822155,0.01067531406810529,0.0338950284742936,-0.04628529588556329,0.0030627535218228363,0.001141247020054026,0.0470521963801227,0.005606673435752274,-0.003947229686958931,0.05529809209674097,-0.02557733695720532,-0.019956881077514477,0.0004735884202642371,-0.05013291678539389,0.004481365558995032,0.002585978441191239,-0.05390088527626635,-0.10454815634962455,-0.005977333133060592,0.012240886618123836,-0.008493316615898805,0.02092354232514171,-0.019139434102872777,0.05875897179308209,-0.010661911500177368,-0.06162218419480492,0.0047163664131324445,-0.08449585387697445,-0.0012136522839906183,-0.008636814739575116,-0.007303837451975159,-0.0343082140736779,0.015289945446561815,0.045259529144825894,-0.08455189205255564,-0.04632791362750721,0.0383744421508696,0.017687861091638668,0.04348917523450724,0.0017185868521154557,0.02768824842993256,-0.016765256007753027,-0.021875804753305306,-0.010124954122003982,-0.07155426695943601,0.004980281110656293,0.12818118208084073,0.0013582633675632838,-0.03661684001075294,-0.035637606264664834,-0.001357249198017052,0.017692688163996273,-0.02018390801169101,0.048175253006233376,-0.05607252139910035,0.05451015233257839,-0.04058326307685978,-7.028756915106182e-05,-0.0060977895029470375,-0.040736388808872315,0.009254909073378004,-0.037194301896020465
USDC,6.630501571702752e-05,-1.6378184307219712e-05,4.211493785488685e-06,-6.217161387900294e-05,6.27689306378354e-05,2.1347656911085977e-06,-5.268141513026237e-07,-3.8344076958019e-07,-0.00010548034727264621,0.0001092414674386255,-0.0001584172743208656,5.615276821058224e-05,0.00019585199464966507,-0.00010185456544831162,2.539388302968959e-06,-7.434025189878568e-06,1.0841320742915883e-05,9.63345638502755e-05,-9.133818386797277e-05,-1.2055940322719394e-05,3.204630268704989e-06,1.983238482194949e-05,0.00017961499126473157,-6.800478769142249e-05,6.627116890101092e-05,-8.896610511122116e-05,-4.837154754411266e-06,2.274000164015355e-05,-2.859423754997259e-05,1.628781350682118e-06,6.834709856384791e-05,-7.088814460054493e-05,-8.202890946051866e-05,8.608593123615726e-05,3.9108868699955224e-05,3.4780232739395345e-05,2.317980529653596e-05,-0.00010350073980525121,0.00010539275359255917,-6.774777170814872e-06,-2.7267662498053902e-05,-0.00013430101361133762,4.987570183967449e-05,-1.740705812891541e-05,5.0630118415551095e-06,-9.562473870960986e-06,2.5485489067778033e-05,1.725849453060313e-05,-0.00010123225984115525,9.604322953671307e-05,3.2645311502932373e-06,-1.1236103895084781e-06,2.1917308747898545e-06,-1.3477839183595464e-05,-8.567269654946585e-05,1.0906138858679526e-06,1.4106674163238964e-05,9.33403389837828e-05,-0.00010631732648602732,9.328854733681169e-05,6.712910969319807e-07,-9.813507758094087e-05,-1.5056399811363974e-06,-1.399408660174295e-06,4.943123224077084e-07,-9.833000421122229e-05,6.957615986102894e-05,8.032699898263829e-05,-4.7901076389855746e-05,-2.448078045613755e-06,0.00012335675689212344,-0.00011499328412267751,9.7134405427024e-05,-1.625750757350275e-07,-2.5422214442460955e-06,-1.841915445166542e-06,-9.769542001702991e-05,9.745753577816707e-05,-9.627789622135285e-05,1.661823614118596e-05,7.724098661632262e-05,5.2925382021618006e-05,-0.0008414005564619798,0.000987779065759753,-5.383764943045488e-05,4.285872247833389e-05,-2.132632980322846e-06,-7.554163216716425e-05,-9.31601213960409e-06,0.0001332697733964494
XRP,-0.014842931681779414,0.0016954233561263798,-0.048399136256368935,0.0035200288717107675,-0.0047709459742183435,0.0017916677643206036,-0.03809978448084661,0.013068942896506508,-0.0030095451384341,0.02761568557248184,0.013963432637924766,-0.018138244344543253,0.041998394200573275,0.01912624027684595,0.00014197328992548996,0.00325676200016356,-0.019771760552994455,0.006128445332686194,-0.0459339488339684,-0.007396858195626854,-0.0021290325229254004,-0.14614431330716826,-0.015383078856313626,0.07264226765787085,-0.016842322824123124,-0.0029493925141472754,-0.037177880603024294,-0.02905582751827418,-0.0006796462186726693,0.007980192149755094,0.04280920116096021,-0.011137244615530784,-0.009924759524686855,-0.003252350677624194,0.019622201917065762,0.04751491995377477,0.023057183006469195,0.011150620514163823,-0.008835017040996207,-0.0011122643157672751,-0.02246179289304784,-0.029885715987417405,0.010063362634118667,0.0031506506274963098,-0.0345662361629433,-0.06924439924889847,-0.008987074377180715,0.03907702622602671,-0.04161144877253853,0.035991770466608175,-0.018375415537050355,0.07942480366639848,0.01204483174345472,-0.0319162606905643,0.03750689936465257,-0.07296479444204262,-0.013741421192697612,-0.009132888951773221,-0.0029664573207616174,-0.042941545803329095,-0.008258426940231045,0.0025502191927340156,-0.07589831360502197,-0.02504380380070037,0.06495823019844083,0.017099642184191577,0.07932131042238733,-0.027545087094126064,0.0037754925683450846,0.005509392536362734,-0.014233160435394798,0.00680411378655732,-0.07616488500965835,-0.006972169533461026,0.09449252315625101,-0.013194643260985961,-0.04366549447803647,-0.0176657006101284,0.0019249745857878864,0.014514124362416947,-0.012034249498414362,0.016584913675652624,-0.03457263562403068,0.009531480109337132,-0.001963839574901538,-0.00689933044863178,-0.008405011710720944,-0.058933153333582844,0.019733348739812806,-0.02847953065367337
DOGE,-0.03435787086118047,0.0062103134531357185,-0.08045203019677838,-0.02741781754434014,-0.004821227757620394,-0.01702632099274448,-0.038181280566916165,0.030275384823217344,-0.020038136856312727,0.025095479979425184,-0.006548053035088208,0.004021178917768653,0.08780123488591673,0.01432612845445247,-0.01496673224151801,0.03061991661243657,-0.0300583941963799,0.04894412610604504,-0.07800662558411187,0.01788703929959312,0.009909424485321283,-0.2381796128571757,-0.01598790871390654,0.10049996544600437,-0.020708006981326466,0.0016808420334633034,-0.039354049808797975,-0.03868862924627903,-0.009588613391110945,0.018698111089342273,0.05932951467592651,-0.038211589748912145,-0.010426474704492539,0.0024286134757816047,0.030763744308629493,0.0041170177884197745,-0.013917579359150278,0.058634949764631905,-0.04284203170587275,-0.02305220268035868,-0.015346371670802994,-0.03211987317616527,0.0068582596616562075,0.0057718070423371515,-0.07114928060279102,-0.07094707847850501,0.020102335029398732,-0.007258032636601297,0.014199569125279199,0.0769043634014257,-0.02764349555905632,0.04056636654907986,-0.012781373946679997,-0.037273570186566296,0.023996237413772104,-0.06824573658852273,-0.005174628533414771,0.0020725252406723627,-0.014407342319052274,-0.04131134538734704,0.008421548985329652,0.012220197181035397,-0.07176345448870636,-0.06522212823842022,0.048931022398720714,0.02919448498832633,0.026313503656539172,-0.0009537006015823968,0.015726155055404645,-0.01867237320423598,-0.008656859342518697,-0.005316821594323784,-0.07889966203447096,-0.009266212450841249,0.10833188713396247,-0.003232206621902156,-0.024532435330138602,-0.048437047451990956,0.005619599817580312,0.009433923333068472,-0.006956282174537698,0.045275302743742474,-0.053343623322826605,0.012195994331530402,-0.023897220136088637,0.005194283340322903,-0.00964279630668674,-0.05596697502593384,0.014928516911218992,-0.03612579274597971
TON,-0.02343336479750513,-0.003833671285116691,-0.035350163537018475,-0.05973280648632828,0.013260503270228652,-0.016956829926722317,-0.04540412571814301,0.024445558851467597,-0.01786564272200819,0.010634620663494188,-0.016690931313907975,0.0037267602883406248,0.05370439686317052,-0.004740258521934049,0.00924977066546262,0.002810730085140545,-0.009930839193162955,0.0180491213987497,-0.04392228751234506,0.009538853436954264,-0.0105553161110149,-0.2253776335060138,0.007417541517829029,0.06539389234272619,-0.005843818850255755,0.013589546192483981,-0.02832915344626008,-0.029447551430103136,-0.016722019635221685,0.012177338907233493,0.05009504713680646,-0.028574156068846168,-0.018529001994928684,-0.012403877040869427,0.010407954538394382,0.001617684445356149,-0.00047425298705072727,0.04427857203105745,-0.011779665373268133,0.021724539038515234,-0.02802246734286995,-0.02048617360662408,0.0774969679666131,-0.0019323478422668128,-0.05102712518995811,-0.1250906217711768,-0.013860594456938657,0.016282793563362707,0.03183676591925444,0.04213997756787369,-0.012553458252839267,0.034669522929934304,-0.006328561618573203,-0.026845838245386333,0.0011564293741956888,-0.05467174955708498,-0.04697178808174829,0.0029463507091862517,-0.015223026133676432,-0.020366356211257042,-0.0193814374518142,-0.014186712293305037,-0.10174216121388291,-0.03548295999548723,0.014894108010667262,-0.023784910218578315,0.02502876543380861,0.030711613684814898,0.014111675055631157,0.019221219758758012,-0.02040733781959092,-0.021366534326988207,-0.04876253521486962,0.016775696821643038,0.06433833141303924,0.016507773991918828,-0.02608610184142257,-0.007524509312836991,0.018698250818849793,0.013405158330036304,-0.00691304637004253,0.02054634905267383,-0.020092826753743465,0.014561345686514127,-0.011733661154797126,-0.007073612101499038,-0.02678127197660196,-0.037805668077370624,0.02755137216032688,-0.04819274542997232
ADA,-0.01834536312814483,-0.0007277248227356425,-0.06614857119641326,-0.023727107179947193,-0.006666777051985706,-0.020058492473368772,-0.03181188369218779,0.025829127758900228,-0.022475871204920894,0.03330304903782544,0.0010790242031104569,0.0043359814279695374,0.0623979444893914,0.007380891662156053,-0.006127704414963353,0.018067999558224468,-0.03325691551777066,0.03563770280356904,-0.06722791419349039,0.009252279775477934,0.0006052452789064855,-0.2105045238949007,-0.0011539926345083273,0.08357781804855557,-0.0068010479513184174,0.0014384130481694957,-0.04168730460886094,-0.03960437191656274,-0.020913978295699853,0.003963838537132114,0.058389617316279896,-0.04189604887256182,-0.006653886648263163,-0.009051574810687524,0.03440794705951333,0.004594302004744755,-0.0019401271586049207,0.04752962434255892,-0.03683615352670355,-0.02245259714015313,-0.007666635974486247,-0.043998962519066764,-0.005314948553129972,0.009363906299877378,-0.06667884725975326,-0.06683983524426473,-0.003336603095593027,0.0005365872013203266,0.02122654373147137,0.06191064250516809,-0.04050762131879604,0.05891790821445397,-0.005440840982089301,-0.0401240960472814,0.008779580937556153,-0.08053592464350523,-0.02168906403907289,-0.015733895926323682,-0.019013642811444353,-0.05209549069662456,-0.02394711414995765,0.026411233201375506,-0.09293180782718147,-0.05580543497771551,0.030809844444725343,0.014674873596346227,0.013559185882908054,-0.0039805316606421615,0.020507750796265878,-0.010021745871999221,-0.02348812926487276,-0.0005931495047813984,-0.07629664889380228,0.014868182464385038,0.13159447947198255,0.013553965759326658,-0.024888530109992812,-0.05144109598655744,0.004477226519701505,0.023349225272429885,0.004741117370999692,0.0846779593558733,-0.07072367578345762,-0.018585086702051723,-0.030450720708542045,-0.006159416410330687,-0.00955809027508192,-0.0557756471008225,-0.002760575215444927,-0.03437886206996732
SHIB,-0.02169393990518287,0.004341955142861398,-0.05350380364583873,-0.018900451948922425,0.008743669446369617,-0.01741371772929534,-0.02453841014289926,0.01767150102746995,-0.015225660169736699,0.01735635957724968,-0.008676853553140407,0.007854330677303789,0.05765945693831087,-0.009389824948835446,0.007029846892204317,0.007845209609451231,-0.01643360682474304,0.029621698387439332,-0.05828346006059959,0.009341301475867647,-0.007080786428723451,-0.15526124196804847,-0.020122235931821497,0.0625538534620187,-0.0013417025297168816,0.00819330889586456,-0.0381822987330287,-0.037315222562748995,-0.010297865626552438,0.004116077724270362,0.03791053627519525,-0.03525627840411871,0.008939575323370974,-0.008002253428256334,0.03078116365165884,-0.004236175477417836,0.0024273233104774583,0.04338547167615814,-0.031969056875076785,-0.012709642509824315,-0.004442908498442422,-0.024409915049659947,0.014016219511946426,0.018028963814172183,-0.04887167392964442,-0.07376932874163977,0.005448941071316771,-0.004462998933832951,0.03354850873551274,0.07399542174832319,-0.023615644358866428,0.03670763754288475,-0.011043628327097932,-0.02568830367701802,0.006203613087408577,-0.06122108386755887,0.004515370146520592,-0.005710517980387575,-0.020838528219324637,-0.027939116874162395,-0.014162272171310608,0.0059000639206443495,-0.060817352600275876,-0.05333976420705955,0.03731746331669772,0.010050605797542689,0.025546799769218254,0.041838833578246915,-0.007923159160268756,0.018873669150474504,-0.018863915955767308,-0.009789456770215699,-0.05382772562585625,-0.006473584694435486,0.09425042147461338,0.013741660079497064,-0.02851809763448887,-0.02240999975674718,0.013641435721511108,-0.004170184213900474,0.005627613006491172,0.012270339728474244,-0.029635330599114162,0.011284280314680428,-0.011287708110152339,-0.007777878317546283,-0.00883376070793318,-0.04923195365001243,0.0002622549047561762,-0.03677044535659213
AVAX,-0.015316932655427218,-0.02358504659676286,-0.051602887735960334,0.10500148707892132,-0.01731375855235806,-0.07898672484738867,-0.10561522870337403,0.02733532573942865,-0.01972144118202601,0.04128537873218163,0.013415887555088712,0.003946631493599417,0.03029450527833122,-0.008783333716492536,0.01975188256847038,-0.010907023690270634,-0.018898300848460114,0.007207044145321362,-0.07801682411124455,0.013098781850194419,0.0029863759913197896,-0.22568130921012863,-0.03136341167291956,0.047037666763602326,0.018629092557377325,-0.0039442921891086336,-0.0404788756119856,-0.056260046692999,-0.02409062119021077,0.0034187160169523167,0.037887711705656635,-0.06792697344283627,-0.002957781580484542,-0.007973558457301633,0.017198237698528906,-0.014461539098404752,0.016119086479718714,0.06750365010626225,-0.04422603025773186,-0.024903455475038694,0.006191379524607354,-0.0679636198229232,0.00012130191515535849,0.025488088431603995,-0.07185094431401617,-0.07772359335419121,0.02600139620048214,-0.011315175259288601,0.016517075513609925,0.06828367446383998,-0.04097156578365324,0.05742936232511786,-0.006384196802372566,-0.03380155698174092,0.019077104632686748,-0.09854120468705163,-0.014109261679261964,0.0021563640585322563,-0.004364507120059646,-0.06991802319991047,-0.035224739985865505,0.020782559950327295,-0.04407125975911719,-0.02891609177802068,0.005810665673549487,0.012045104227216052,0.03051913301940279,0.007997129685805904,0.0620913751250145,0.009324993496383938,-0.01249664714036025,-0.053938736299536716,-0.08052254475259757,0.000905268301396589,0.08725343911097116,0.04849748767012674,-0.02582607597019293,-0.07285985813167328,0.012030414234087683,0.016234851054196753,-0.004630880158060902,0.07020786232962029,-0.07936319040524553,0.01777499831956053,-0.02805757170997003,-0.003553868422935591,-0.0018603870230569086,-0.07599699583583108,-0.0028346296893775325,-0.025808481820098872
TRX,-0.0029877351962124266,-0.0019498454520117114,-0.01966759543485097,0.003949136319997271,-0.008198047909583672,-0.007676379195301619,-0.0058582875069073115,0.01575984132691688,-0.004768946625835935,-0.004946229663202573,0.003648774365019314,-0.006362726098112392,0.021395487577678507,0.006433995330890729,-0.008936968384082422,0.0044438560212174405,-0.0004026587604955001,0.010431778968080119,-0.02568449935995054,0.008683904446671997,-0.009956638142312957,-0.055303543474857664,-0.00751045806658468,0.023527423737202957,-0.015731170229224767,-0.00022782308039570598,0.009448440676188552,-0.01172893011179843,-0.014847731535121311,0.007471231504679876,0.02701691242799642,-0.014131178887351381,0.014763208070829092,-0.0006991002385586809,-0.027770205383042534,-0.060787048259732246,-0.00032283062643601035,0.023188119217734338,-0.013819678971717875,-0.001453344849314031,-0.004321386671835348,-0.002921232252373729,0.001651351188896255,0.00400741979106245,-0.00844552081561889,-0.045696264306501644,0.01714406602866836,0.006444104317769872,-0.0017943534239366343,0.014725336418766721,-0.0034945811780177083,0.014325814742268905,0.008067558469098346,0.012908934836229236,-0.011655055205841425,-0.018605182627674632,0.010582426034858816,0.008187057436797485,-0.013677667056904319,-0.01075915177512865,-0.013280714313974373,0.006289777096768923,-0.022772469184336397,-0.01989031877643377,-0.0013265281130990791,0.008018655228575478,-0.01685922800770645,0.008105254103647264,0.005772093631879027,0.01839216964655077,0.0008330542482428704,-0.005869167705913614,-0.007866714119663443,-0.0024492985424612312,0.013613434799518931,-0.0031004123109299453,0.02151964591895439,0.005332523641976561,-0.0044241855766103955,0.0012229014260294324,-0.01901462621664818,-0.004902708766844954,-0.000249872972095333,-0.0008992707729844618,-0.018967725201991192,-0.0005706381169259256,0.025429620867760905,-0.00689215336601634,0.003985388027769821,-0.0023786131910586983
DOT,-0.057352344094933505,-0.0017517214920946822,-0.0659981031649024,-0.018496271823277954,0.005904725593039117,-0.021260687432515635,-0.029356497872053633,0.018789422095655484,-0.018642590398805448,0.03583239895437451,-0.008272635662860184,-0.0012349606073901453,0.07043244574874796,0.006253774403900625,0.012084554924614244,0.00528598193563079,-0.03201515920046949,0.04723718913504937,-0.05934969978752713,-4.1700068965089265e-05,0.00957018413466404,-0.24129033127298227,-0.037435922539688304,0.0693912307728437,-0.004735835918512121,0.011598020465532599,-0.03818016489277021,-0.03911394340630869,-0.028678481043439175,-0.0016043181936860051,0.0563087539450704,-0.03813807830317251,0.008930678284268856,-0.022836106427799763,0.04475695602997698,-0.0015963212495685442,0.013571345428593728,0.04238809560258083,-0.03313192038804391,-0.016064616699227652,-0.00400964645598112,-0.047922949966395234,-0.00794448860205288,0.03639654527910818,-0.06993420835584807,-0.09096288153219279,0.014404303960663833,0.01858420949316808,0.07631172498201377,0.1923778107291234,-0.07299151583145247,0.04145369936383436,-0.006290825745390083,-0.04030334166236582,-0.020121394650031377,-0.05073245416956662,0.008194950982812976,-0.008998033262058613,-0.018646253030619064,-0.03002971381968811,-0.028310295155277276,0.02580360775201118,-0.0744414323741931,-0.09397560247352221,0.03153600475486229,-0.021808919598693688,0.004457730397896764,-0.009965029925893876,0.012309776429533459,0.0004552046036618851,-0.016066203694160452,-0.01061028495362204,-0.1018408334398968,0.014123667094663395,0.12665852309172454,0.009566607217059042,-0.031861119434585916,-0.0685845137264548,0.01714326786509912,-0.00878613039421694,-0.009591919913733316,0.05843256515668993,-0.0685785584683467,-0.002004199113122329,-0.018499200759391154,-0.011294010944585708,-0.0045257603014903225,-0.0582998983391686,-0.00519696381800816,-0.033169868328101315
BCH,-0.010327209822323047,-0.007728867427769792,-0.024661214104029328,-0.039641425928926166,-0.000718484542297948,-0.017408480877484367,-0.024927933439305994,0.011480613990960009,-0.009796251770329834,0.03893559643836708,0.0019075672524493381,0.003087627481596966,0.03938507922304724,0.02926757121131951,-0.01119231643018559,0.018565646850678963,-0.01220709190806446,-0.002082347616103042,-0.037970076570799094,0.009257757491722751,0.018939579891035896,-0.10170227305518886,-0.016561697915112306,0.03486036923084801,-0.020659936656671873,0.012355937048470933,-0.026983868136188804,-0.037264684201973375,-0.05060826324033496,-0.02734842109520852,0.03627110716146076,-0.029111781446130913,0.024518807438265844,0.020844701301146573,0.0021766345573106527,0.03473902888381297,0.011724214415408385,0.08907709426924648,-0.0035860073509219603,0.012619593633159676,0.008719555755044128,-0.0328867346164452,0.0013614455174302265,-0.0010672648479433944,-0.03547787038606032,-0.06804395944703256,-0.013238113918615735,-0.013691743913911147,0.012582519291672645,0.028006767461864035,-0.01242927731478305,0.021141711502915994,0.03453168362462322,-0.019592097443670298,0.03254263222794429,-0.04733320541297925,-0.010800844464075587,0.00770760014145333,-0.026542644443569685,-0.0028130539027384494,0.011481572582764832,0.029758438154829037,-0.05181492281395572,0.0956709385293475,0.028055519291579012,0.012987219712942144,-0.018419590494076377,-0.013117977328714447,0.025378886055795302,-0.01852820685492018,0.00206944997598435,-0.025866643394063193,-0.007935408848586678,0.011064786300947427,0.12496166350301952,0.006507933947682343,-0.03189320582997823,0.005674912240460017,0.024644186779989363,0.019631912892814407,-0.05154985033359516,-0.008412624408036695,-0.0061832941069734915,0.03025104108501231,-0.006602395629023872,0.0031876754685431496,-0.02098413087034645,-0.06027695993905258,0.027323802863673974,-0.0001944053905402754
LINK,-0.04224481867068142,-0.002219423759910133,-0.0699413098186833,-0.01199140904023177,0.00736915122390136,-0.021846540886001575,-0.041820222406665386,0.03485334796147632,-0.013171937147764434,0.027916668898397834,0.009752900950486643,-0.010274703136421759,0.06620949986068458,-0.009968408572628262,-0.012609748173066038,0.013465029307659249,-0.0300712861414828,0.07239354500230077,-0.06905744824693627,0.025872248765688388,0.0075586640002605066,-0.21775742140351295,-0.015593575944911953,0.10626496974785948,-0.009520374494008221,-0.001496096328692187,-0.0520342408070259,-0.039462234985759514,-0.034076525160151694,0.003200575768236069,0.061465419209598915,-0.001403822387320175,-0.0074072866451477815,-0.014607117069339592,0.018556015494491263,0.011980612540182012,-0.005827883236308895,0.06286224938722529,-0.04577761677916192,-0.010375048382057717,0.01586321650393341,-0.052984259743172335,0.000743949300881841,0.010345572920284596,-0.06857723654958048,-0.08860304939319263,0.005323561568947532,0.003706195315634986,0.011129187027252962,0.0419011352731371,-0.02886984464632225,0.0667922812581383,-0.0030644677408456777,-0.04915144162732776,0.03126910120383486,-0.0952966761412638,-0.012341051590064822,0.0017602268016578826,-0.018175059190943865,-0.03621026102813041,-0.018552861617031846,0.043103370557932674,-0.07379791743553732,-0.06844675273154532,0.051924070177610915,0.017937074119963592,0.02087543314897866,0.0016472812126810954,0.02376843615606461,-0.0010959177822162935,-0.016664229391084473,-0.006573537429231169,-0.06995959495861104,0.0018184817253110719,0.17495079911346734,0.010721609572502455,-0.015871896805276453,-0.037954569969429586,0.02471684569150856,0.004831943930209137,-0.02447447996204155,0.0363598743207314,-0.03690559500600932,0.03056951835971633,-0.0204499308347883,-0.007637363796029528,-0.005584064922769638,-0.06447123496254403,0.0025589823697458325,-0.04037780467048235
NEAR,-0.026385655187540213,-0.0037414332049983123,-0.07160633753507395,0.009573465225022337,0.024444817075487624,-0.03481646958510631,-0.07201438968129581,0.01772065715163551,-0.02001016798377353,0.03195841952046874,-0.0168775690611781,-0.023234726081932666,0.09999772450809452,-0.0014069927034267016,0.029649690791273553,0.02588425826120133,-0.04318428769408589,0.03139413377576594,-0.03961349442338369,0.00019943840408997993,0.04915040374077484,-0.21094909778147664,-0.04497705677989394,0.05891591198091528,0.015501560433701655,-0.011833575737252633,-0.05221369203175408,-0.05171913538014372,-0.02323671797598137,0.008450244523844352,0.0625088046916793,-0.05754228620498003,0.01606083893457555,-0.02302289944025704,0.04122668148223041,-0.0058663634126633335,0.025678902159768313,0.048293751357311177,-0.03912243897993817,-0.03114447476887272,0.00438093435459197,-0.0578255067922675,-0.0031784603859048577,0.027965373474060362,-0.0640135190034733,-0.09234670268985767,0.004216400045690127,0.029989114607670286,0.18067522388110424,0.18046108081928347,0.04797764889692413,0.11113260225254584,-0.11063617385548508,-0.06524142485665241,0.009106210952004146,-0.07306751880622442,0.06201183538076416,-0.03249324236146578,-0.06198342879516994,-0.024267206826111165,-0.028768814514946617,0.08021428864948721,-0.14358223349085097,-0.09264792272784605,0.019334578535623148,-0.006180888480444735,0.015455587981853647,-0.0035627472771855295,0.012385928056855455,-0.01475764771821464,0.0026983388364403282,-0.02703512246458961,-0.0919975378204887,-0.007360852153515118,0.09971179040712785,0.025613001081377318,-0.04984193885388266,-0.0566096479386522,0.022905527899020006,0.012571872201167178,-0.013011902395295372,0.04398831549486726,-0.06060277936842451,0.013095006875291082,-0.03249467702388853,-0.009888559464303004,-0.0005654409065236621,-0.06246858220271845,0.01466170187747795,-0.0428998941206602
LTC,-0.021570550132967603,0.0009780537593861993,-0.037784900191681126,-0.04182489346769935,0.013982748708240011,-0.02385401821118227,-0.015843366891266863,0.00841969016878763,0.0006503708828853316,0.02052461391330529,0.0025758031921501168,0.0007310178113908439,0.10789854606452987,-0.002850205868642597,0.0125638421707579,0.020957408801723254,-0.007082646533702497,-0.016080485634246577,-0.025761336566573312,0.026466294358101328,0.09246478477690045,-0.23951016705273886,-0.041040158274088245,0.019447788694523904,-0.008805871321819314,0.026902011632359057,-0.03909503662967384,-0.031177794704315365,-0.007369150317957152,0.018837761506890205,0.030372149868081122,-0.030205841935536548,0.0029709875567136557,0.0009056017535726824,0.031922878857122416,0.004119534669279279,0.007875858229857258,0.03705043516552253,-0.007777022327241756,-0.024823728020869296,0.009114219155661463,-0.040561272638688695,0.017745980919998683,0.04565354119866627,-0.06351526091563076,-0.08437632911061377,0.012004311656291122,0.0038148373417987713,0.03223678302590871,0.1125653984089392,0.001975418092318826,0.0844211789427618,-0.04974149198343514,-0.03602950383743675,0.010731338653160227,-0.045779709834903426,0.0789016471615549,-0.017355644589871932,-0.04953347508470718,-0.03153372178347669,-0.013087782821318172,0.0027370585658690327,-0.06558518049083628,-0.053062681405294465,0.01942454727030074,0.006511192287916856,0.0066213859292829635,0.004075738669110818,0.013729578078427673,-0.014036861382741295,-0.0032825215069491875,-0.013055971099088737,-0.0773227683362675,0.0025945785501357843,0.09846467888097932,0.009446787892760211,-0.031210858491693694,-0.03637731692268631,0.02315413754809459,0.014727771134074974,-0.002535716681237865,0.017233116910883473,-0.03490099514735079,0.018322604954073007,-0.010633565474161277,-0.013871330381883151,-0.0019639524068824077,-0.04380465854177307,0.023870286010551522,-0.04032506832250271
ICP,-0.023287449002300953,0.0011472487264840847,-0.052791995745682496,-0.048696590694164765,0.012253915802549198,-0.028657145070258183,-0.03144303784282232,0.026220259052965655,-0.009094505125806562,0.019649307553682993,-0.010099505006412657,0.014827458849410169,0.05835962276565221,0.004990750830216273,0.008167146204999698,0.0047583986027321945,-0.01791010655650138,0.017154260050423087,-0.047552807656622065,0.015604856082281682,-0.002306649121857962,-0.2788712350113429,0.0035452769212516166,0.09012354726096716,0.011422127203839505,-0.016058608514024297,-0.04682812463562902,-0.05954707241214441,-0.023074202308917435,-0.006080994558010144,0.03472844615025217,-0.0222954706645615,-0.011673672177003658,-0.012050770089586327,0.038833392770224906,0.00534865831413911,-0.0006367998889674764,0.04889598094427505,-0.036658622268517016,-0.03156287616177467,-0.0056718474945191,-0.040843899248837134,0.037143041505139474,0.19986533512036653,0.09184864198991138,0.210121567613188,0.04973245336714083,0.13404142370099548,0.3839689999732119,0.16788507513549344,-0.1515777603170787,-0.10403245736091427,-0.08181274854471265,-0.0318116978348264,-0.0088881465495666,-0.013591627988548183,-0.1152574751136265,-0.007029482880689275,-0.06131025230880782,0.10571588049214853,-0.10378700840999455,-0.004613300334971648,-0.06399792615125666,-0.1105837466234022,-0.0047044191070861885,0.011401419525194134,-0.012851033224527741,0.03469966429582083,-0.024358890129068,-0.028984593375765533,0.02811135325605929,-0.032564859171881566,-0.10641702021328892,0.03839103353125273,0.018185460862734315,-0.00010214619751236498,-0.047622750095382194,-0.027292797445445105,6.042283196827647e-05,0.00792099570233451,-0.05036335089420352,0.06601929420323249,-0.0625660802440221,0.02043520073440863,-0.046345765511294434,-0.009617094952953598,0.010962758396828809,-0.0813961203180138,0.01657554725361532,-0.047562342299068305
LEO,-0.003302661058389389,-0.0004524154649658829,-0.0004043028871374421,-0.0013938091790930418,0.0025124844389601275,0.0010740238162547655,-0.0015245482657504361,-0.001469677793006663,0.007600718245139859,0.00538604318795044,0.0014438861005439119,-0.010734589052006416,0.00719597179517506,0.0034799917244454637,0.002704691819936489,-0.00046921173420033657,0.0009336566117712497,-0.0014005694294598747,0.001624522896958025,8.297123050904354e-05,-0.005437131377037163,0.0004699091122450927,0.004061856475042092,-0.0011038373633338594,0.0004964384663665999,0.001022686499545955,-0.0012969881762667779,-0.0007399523775154515,-0.021744422609758618,0.0018861011403166206,0.0006525106379768886,-0.05024243308579335,-0.0017487510095406389,0.0006657107512941796,0.0004289068560971998,-0.0008854327882746871,0.0017860777211973211,-0.0013658158135840814,0.0464095996988374,0.026729857375267008,-0.0012629988143865178,-0.000855554104423728,-0.005737628827464314,0.005121244087967325,-0.0020046635656327805,-0.005029920656944298,-0.001046616290625746,-0.00184158585994032,-0.024747260090829504,-0.011021272930545,-0.0008687476817675899,0.005342202550695951,0.0032148361784585244,-0.004383045416614051,-0.005743907964484651,0.005702569744183039,0.0019239876422947333,-0.010116497058084817,0.007661189988847239,-0.000913130676620133,0.04417926533295091,-0.011664474346579357,-0.013367514028916117,-0.00044076581389140834,0.014396014535905444,-0.0016640292341446594,0.007119013050744583,0.013384656031456998,0.003218917132765453,0.012731313897733187,-0.0036888885782477843,0.006025471975952934,0.004613783886140865,-0.005016184069802754,-0.05217437344345899,0.05170905151673888,-0.0035534786878052005,-0.02082035221794909,0.00923944860255621,0.010438261621712241,-0.01198471372581944,-0.009756990953189826,-0.010707942514776025,0.008574273986888592,0.0010088545713353714,-0.040408724328589885,0.013361986397959491,-0.003925307051518612,-0.008317824644854865,-0.23351396920337097
DAI,-0.0002607248982287036,0.00041773177890269686,-0.0002326666764996821,-0.0006645407136079973,0.0006003850931168841,1.0584531776824946e-05,-3.149757934617359e-05,-0.001296307322003587,0.00015221036244361663,0.0021296007644293624,-0.00012967057557700112,-0.000893812985882092,-0.0002522151995379973,0.0006821207338736368,-0.0005532012336175729,-0.00029385973510265284,0.000976976053233436,0.00018804094517510528,0.0002738245049185295,-0.0008107429785876308,0.00012536751713709826,-0.0012824867912404336,0.0009675476709354314,-0.0008438504017190818,0.002179757197245502,7.379976201349336e-05,-0.0008184388073265714,-9.714186827691762e-05,-0.00015197560078372696,0.00019320540849521173,-0.0021412984006830005,0.002504114277360525,-0.0006204570557959421,5.810906558978424e-05,-0.0016987628095291862,0.0029785828928983182,-0.0013393204219814825,0.00029161356868034893,-0.00030855335599599965,-0.00046198674394770656,0.0009459334033130595,-0.0004867508272157206,-0.0002881371317713377,1.8031291693532125e-05,-0.00041581483844044254,1.833876173495952e-05,0.0012949627399965191,-0.0006336208521730002,0.0015448084096558734,-0.001475396850955546,-0.0001632471748915787,0.0007022155149585263,-0.00035835547864415673,-0.0015935073133273026,0.0010742747343659431,0.0008282781164123953,-0.0003361127497218952,-0.0005016340223976679,-0.0003073199833958373,-5.894521355398474e-05,0.001908733306585253,-0.0019760430905840787,0.0007872750743911361,-0.0001771289078069671,0.0003894641098247664,-0.000272249726756435,-9.313756326556621e-05,-0.00012811117840838548,0.0005425380055410489,-0.0009378288040720051,0.0006096405937459082,0.00015522425736791412,-0.0003581066979799763,-0.0004132622744643655,8.690931239785371e-05,0.0005242955918487446,2.1291090361197362e-05,-0.0008393923791549796,0.0009002875982582204,-0.0004321001705386296,-0.0006178827149532218,0.0015460704084631072,-0.0005346330066384741,0.0010301434611714733,-0.0015645170204154901,0.0010361785681871627,-0.0003932731663274236,-0.0002399846664808969,0.00016261770686676336,-0.0005170167255492686
UNI,-0.021670328932742677,-0.000891408417888484,-0.06389287283757139,-0.05507396133891551,-0.003238045491795294,-0.04419651606859898,-0.03673566372457937,0.011609807181950593,-0.0029808612164332615,0.022759874136448754,-0.008738408109996487,-0.0014269561491384586,0.07151107408634871,0.012709157337663646,-0.023995963909267504,0.02267302329235843,-0.01909948412619622,0.02316446990286858,-0.07000621885829861,0.02424968286953022,0.04570461248119684,-0.2901389023575254,0.03760197700431234,0.08526259523540003,0.015117578322191072,0.016108645679620448,-0.035109171857373944,-0.03918534620204628,-0.02485790396993115,-0.022123472934732824,0.07141787725310511,-0.04679800380055621,0.009137452633435128,-0.010033912526802524,0.04272192569368771,-0.03144951039529664,0.000448697152061861,0.09545001162385147,-0.04893018631678148,-0.014887380591590671,-0.04340393428909006,-0.03002305652209858,-0.02725442586140925,0.02065516190729766,-0.09277662866342473,-0.04595131715348366,0.022703865891135377,0.013294432256720778,0.018103309909479615,0.10492634012209057,-0.007847468437058969,0.15071729561794633,0.30885903844284424,-0.024968775438472646,-0.05967090097440475,-0.07426301535685753,-0.010825585153729,0.03872966208300399,-0.02487573970678536,-0.030422829528720885,-0.019929373447588383,0.008701241154521533,-0.09384257877075586,-0.021240117481685195,-0.015119672422120867,0.014046965182587412,-0.011105669018039999,-0.017808428898371642,-0.0012829753732385152,-0.011599857834737382,0.002208808692998554,-0.011756211580440268,-0.09022326986214091,-0.0036515798582099634,0.11294977817745,-0.0074979553132994425,-0.027728159470517655,-0.06753919745208159,0.017940389358026998,0.003778177107620184,-0.027770435699148388,0.03356952316021222,-0.04777258605107715,0.027524256846845452,-0.025601097176636167,0.018088403378034412,-0.019006142651342595,-0.07150395960773048,0.018501402462201444,-0.030334366885968356
APT,-0.005732593649577344,0.0033333868668037336,-0.04896098659979353,-0.03133103804399451,0.004895862837339671,-0.031055777187980582,-0.052666474335458235,0.039703042686410006,0.00685382612685026,0.030321046699282705,-0.0030379691924233843,0.04102433200071087,0.10241951505776403,0.045405462362766436,0.06770526368597518,-0.014505494109577133,-0.0077206414765541576,-0.00025913902383045695,0.002274048918133431,-0.05157034249431802,0.002531319911825314,-0.20823441241158436,-0.10053948801290746,0.056970169015663874,-0.02965175639808504,-0.010812076230570455,-0.04882445613049047,-0.06848527717957043,-0.027604156323437934,0.008345494726712754,0.022072220615299454,-0.04071233385334938,0.03978602805065834,-0.017827178696166235,0.02060851649953821,0.011901378870579293,0.008584900259585027,0.08011077108057241,-0.047930297454365944,-0.02078694512034074,0.006207917233918225,-0.03446716480769341,-0.0033894740431560377,0.02542442946792467,-0.05557063058301004,-0.1540938350067712,-0.01749990070165397,0.004755521127073781,0.15658677310753677,0.017520584984108467,-0.030911165685071462,0.08470212776534658,0.00013321783109798702,-0.037640731151176055,0.0018873144455504587,-0.0659483876752468,0.029796294881643703,-0.014734856088709836,-0.03080467561888378,-0.013359618254364936,-0.004725668814305806,0.04844135837661101,-0.09682032818847386,-0.14254101155986354,0.03086280825047716,-0.005136905520383039,-0.01759723583343975,-0.010857929279573963,-0.015564842814552837,-0.01883540486616786,-0.03666601469205788,-0.050344413521624776,-0.08201130147313263,0.009711610188741782,0.06918071515579305,0.0008868796356462649,-0.049505230297857694,-0.09163940495531486,0.009062012525164587,0.0032749962946272415,-0.0016823712209423913,0.054348605144746154,-0.056171139146611204,-0.010176719986111693,-0.03425273381781535,0.007157556836008938,-0.004592786972610563,-0.06985496418747494,0.013027836847758323,-0.04692959147911657
ETC,-0.020595540017687153,-0.004236763910673402,-0.057916399055064405,-0.018835849421332318,0.01198801535048366,-0.0253947829260337,-0.023538660783861687,0.011756274679079803,-0.011223583153427752,0.02281893604551244,-0.0002744653997714952,-0.001947795623873927,0.0698014494048238,0.003891186085829279,-0.0034914095476358264,0.008425786547248348,-0.015239133731383525,0.022891935788301288,-0.046762321856115285,0.010504643104749078,0.05185606197119719,-0.2717692777009466,0.028035962466029574,0.10303455094754477,0.002287290050030588,0.0008049612611316093,-0.028577068908016146,-0.038726637964172306,-0.011009319086243252,-0.010443681894841128,0.04709473919722784,-0.03224997555897813,0.002814760297257024,-0.006514747586340075,0.025598380887494665,-0.0023740062556663055,0.006154912741416663,0.0528479183985866,-0.030952509991157506,-0.015526409501468663,-0.0065128271240113556,-0.019290381785229793,0.02297100830428267,0.02410076981577003,-0.05926812942195092,-0.04235211616115242,-0.01763711890814046,-0.008135925638889097,0.055811161854014024,0.10665740431653958,-0.050225259196083005,0.021431719525900395,-0.008583382784163485,-0.019917888857951316,-0.003456858917193162,-0.04373252944073147,0.010817217735869411,0.0026944818274001747,-0.018607873083415716,-0.039154453225953234,-0.012916516613239781,0.0034076099437632124,-0.059044317424253756,-0.00502098625136016,0.028570033664009786,0.005736919223810588,0.01624886663556513,0.0005892907082671872,-0.005106996291271759,-0.015523040584859427,0.005895925755404763,-0.010028154841784875,-0.06199196043982369,0.006501261680635251,0.07070774953051173,0.015169025184752938,-0.023737387394321185,-0.039793383321317544,0.00999591931552124,0.00535154782041336,-0.005702135034640676,0.030403108184717587,-0.04102176218842246,0.006403240629635043,-0.009252706691236234,1.2840349191467482e-05,-0.0016523947471884792,-0.06503769304528118,0.019786128044715134,-0.034146135523825616
MANTLE,-0.042543086618203385,0.0023608808898409883,-0.10538753651480037,0.14941556681582857,0.04335609015424824,-0.07652104558230688,0.02193960367464154,0.02224860669854989,0.005468272658680551,0.003645591286404626,0.06392093768978735,-0.02393974877718774,0.06337344610949214,0.016727797513526488,-0.008440261845764852,0.022209507842120946,0.06055179674319611,0.09751296052375702,0.011247034332587669,0.18934737157214143,-0.16068643101959457,-0.2419502083205749,-0.07266097434685082,0.2474431569338722,-0.00751726205274772,-0.05608830605850934,-0.033767936386202124,-0.0889455772388077,-0.027443301815871624,0.07278007558967436,0.09874146772811931,-0.10874910765708778,-0.07331422148817812,0.044863793523709505,0.025045089720946212,-0.047244228218261464,0.014792147146703849,0.04947286504774695,-0.061633757041626325,-0.032912030544475446,0.009516403415898322,-0.09162587029555957,-0.0024125098223880537,0.006793281903198833,-0.10562560962268297,-0.08668867648172718,0.07883717203564089,-0.04955348866993636,0.03147189871746581,0.03296421511052561,0.018088946793473948,0.017321380496923,-0.03145019448844777,-0.02994157617888238,0.02809325146967523,-0.05185292509216177,-0.021660246199332267,0.01245040016024146,-0.019361679521536557,-0.10443196656841391,0.021854861953255478,0.010583092974864927,-0.0840445302226891,-0.06341430105129553,0.09721185537798083,-0.015160286590215843,-0.0028728198162264462,-0.00400869678678617,0.04223253064022603,0.0046775847448108365,0.013775426176545258,0.003633262716278729,-0.09553925820138742,0.015786921032145518,0.06003080338783229,0.030973449418534305,-0.0241851860406872,0.012742141015864128,0.0009515824317263277,0.04022601049059249,-0.012403128870609459,0.052016606168962864,-0.017104737513886636,0.07209624110642476,0.017459280466273874,0.046425767243680305,0.0020576070348683473,-0.026888701048931263,0.025872281112766515,-0.0766657103109557
RNDR,-0.01455520906745078,0.017257377813062247,-0.056985468613846235,-0.046996624937108766,0.00441223900457155,-0.03208701754156129,-0.04359876314350353,0.019824031945921083,-0.026937675137221895,0.02429821669446275,-0.009298025344210203,-0.011067558339437733,0.08009590177123038,-0.004808882589360408,-0.012099956325181793,0.008759684121687483,-0.022937340047792132,0.025628706255728773,-0.06973608478521576,-0.007330717771160122,-0.011178316314956915,-0.24645983850457354,-0.030672296316298864,0.17086200703910204,0.03463210181009346,-0.019002289180007126,-0.046403967180222994,-0.06609859873068868,-0.021348870544033005,-0.006494717903309466,0.05663638709201524,-0.060184844776037916,0.007705211544956958,-0.03065899605968636,0.04274158651975779,-0.03227593986848609,0.021831388528167794,0.05467951228242751,-0.049960526695059904,-0.021174406547333713,-0.016405506078023713,-0.053553774758445916,-0.007580610050758163,0.05124285249206939,-0.09736957021262194,-0.09499758007468484,-0.027098599086688102,0.04941478054038351,0.04142588402873759,0.15005028482279337,-0.0514317253116503,0.09846567205885925,0.013485140118683514,-0.05418234470191152,0.028795949128660014,-0.08146123719379628,-0.010094628435454833,-0.021647029925198513,-0.06109649513629767,-0.025788651891191616,0.017192078194398164,0.035419195076070276,-0.09336999776052968,-0.11706472922564137,0.0695184346911899,-0.015481350120532755,0.042828414239833856,-0.008954688603522554,-0.001708161651651663,-0.007324578364993117,0.005843339438022177,-0.024155471537889772,-0.09211725434905504,-0.0020216514053090773,0.11463287707605874,-0.007771321691640187,-0.04254554960868784,-0.045494103424485566,-0.001534388966239364,0.015366742056541538,0.0026373782472075558,0.03146821174069592,-0.055262098183133435,0.019361360078951728,-0.04072171238871647,-0.013953271882313434,-0.009086093288943387,-0.08394499266249178,-0.011517174915351425,-0.050264077247903605
HBAR,-0.008323001552276832,-0.0020004329302940604,-0.0780355933149498,-0.011956240402642648,0.010214977144723969,-0.03597277639773022,-0.03576679561435869,0.03105661903679091,-0.013868353661166344,0.019905354923719587,0.0022679088566599503,-0.012089976109095346,0.06318249620790706,-0.005705695411982181,-0.007984761013905994,-0.007851939663810814,-0.01770506341984246,0.05152416514278424,-0.057347392141818276,-0.006803242524735964,0.0028947139797177446,-0.2166556244833927,0.014566247654129727,0.07883666462665162,0.0014133067780730535,0.019645834725749545,-0.051612280760478635,-0.04865869436165371,-0.03135417326958556,0.0005877268589824514,0.07164377908078667,-0.03806858052497597,0.005304811897815176,-0.02084746707461982,0.010662710336458714,0.007714816335636865,0.01887341645640106,0.05132960189006863,0.10365654056073526,-0.03130533234464361,0.051270453328028376,-0.0573193541030943,0.0447272340327356,-0.03036976924325141,-0.05746392100683839,-0.07447409530570681,0.010093620008431392,-0.008047874060400972,-0.018672879884859772,0.04574228995896368,-0.03180517207291822,0.07780812143637683,0.029118477719601632,-0.04075598290406601,-0.004213213285790496,-0.10307173684648385,-0.019818545140907085,-0.02257418304618586,-0.03468824309690044,-0.028995286734024517,0.008871166146427578,0.003952107231609103,-0.07865576514802908,-0.05299124421195189,0.06096045073992906,0.09840369910702629,-0.015188803774196069,-0.017090452264376665,0.01844626746196365,-0.006616591559483798,-0.014640716869336212,-0.007629296519477635,-0.06171833797172621,-0.016623757531245786,0.12899244161907908,-0.0350272812419512,-0.03927422991400953,-0.03360421608394337,0.011080677589317744,-0.00025058737463168335,-0.012849170969645995,0.029852612719258653,-0.04552675111030802,-0.0059188923557106365,-0.031177463902730018,-0.0234436888962134,-0.026083434377288883,-0.05319325626857829,-0.000632595665052027,-0.034890646427318095
FIL,-0.0340040378557549,-0.0037963288963822617,-0.05584946467870666,-0.03307609946600698,0.007541617790602695,-0.02486587231823112,-0.03128582143127512,0.02523658982643817,-0.015256371558511339,0.014976475413638335,0.004807169947004253,-0.00652483970132256,0.0688923625986011,0.0022377233503876326,0.011090844738528949,0.0016710571938853835,-0.017776040767161216,0.030547761403639795,-0.056758513260293575,0.02125267728462843,0.030772082047549887,-0.2894483773740927,-0.0837893043645297,0.0509039636192028,0.008524850523707217,0.013480189324666991,-0.046235593884424664,-0.06603272522750037,-0.0015904242130131419,0.0041552686113703885,0.058803339548562095,-0.03418777367037107,0.014568634709119399,-0.008060222439621123,0.02863574367551891,-0.013866888373469277,0.005000950166979878,0.06905178279638258,-0.029663537754576863,-0.031824069675413735,-0.003938504653523522,-0.04362347458787774,0.02594208639652007,0.09523685908674695,-0.09450956425720036,-0.04025141636654628,-0.04685400028004205,-0.03593842563139249,0.588306773035081,0.45578082941239817,-0.17966906402216398,0.0683686421745393,-0.11890402605392358,-0.05520515377601676,-0.02059224416062666,-0.0631211069656078,6.778080070746206e-05,-0.009501711990198669,-0.038782137702613184,0.05907780808182572,-0.12798567211618805,0.022842783528005173,-0.06084971679486517,-0.07843668321660535,0.03848501919250946,-0.02258396339867219,-0.012394638986982232,0.012756559985011684,0.013876384700136413,-0.02969846408435972,-0.000548867434599587,-0.0006792498416436921,-0.09276510488906353,0.009713589744303697,0.06192983484619541,0.015808323833679694,-0.03281526738522078,-0.03955103697102591,0.013097911689570196,-0.002051337063201264,-0.010102371215137573,0.02408234194485459,-0.07705633571988735,-0.004801130574881629,-0.03796658119790408,-0.003804804305204579,0.0032105330037952573,-0.0651574289529201,0.04755456354561427,-0.0720349188914271
ATOM,-0.033252301048062205,0.0028215879543200817,-0.057947712004709606,-0.01969693449347243,0.008249374343880955,-0.01847930191999525,-0.022242084653186667,0.022089031759473743,-0.012457710372769992,0.017558357666294766,-0.011487742911126753,0.008694680995420034,0.023815113735126348,0.004331245880416779,-0.0028274232694290857,-0.003435334436072246,-0.012775799389346365,0.027526487817367773,-0.053071298110454745,0.011355209756629181,-0.0008491643490944334,-0.232062355161058,0.01712415346444729,0.09001331355617959,-0.004181056567281405,0.00022504490116403986,-0.034328983360143006,-0.03413560028939677,-0.014854313308962253,-0.008481329702680451,0.04349393645020494,-0.030882236627410742,-0.001893042648299037,-0.015726881137386517,0.015685248740436863,-0.007164466463709052,-0.0035899561486008036,0.03575548342524315,-0.03529299825579435,-0.010982685620331667,-0.01052176927696169,-0.030572864885806794,-0.008140205064465778,0.019412406724671483,-0.05814326677244419,-0.14240518937543856,0.05844305087305468,0.0007046871347564654,0.057201157549381376,0.10316142782379845,-0.046619469109370204,0.0508194600141767,0.010362476988226454,-0.02221056718340908,0.006170425085634035,-0.04271443599492675,0.020155241070764163,-0.023562831195652723,-0.023926160146666042,-0.009532349308286725,-0.03821131531147781,0.09295410452648278,-0.07194320872527504,-0.08881031962221597,0.03189377188777498,-0.005284811579806203,0.0007466587746662867,-0.021779328623581007,0.021145946312127073,-0.012888250025881898,-0.020533482217530707,-0.0075331195600851775,-0.059989797326562955,-0.00771958154459329,0.06202549490699538,-0.01663636067966945,-0.024357070379143586,-0.04371215890761293,0.013720958457719146,0.002401302375543146,-0.011010935682868372,0.03525819234691441,-0.040629684844720404,-0.0035105298178921274,-0.01353754063837831,0.0016485540354638228,-0.0020838068545647737,-0.054829072360908504,-0.01668825371645044,-0.03264016328103325
ARB,-0.04481653372839334,0.0044276597726689015,-0.08077427971350293,-0.06548048541247675,0.02568593286915255,-0.03429198570896563,-0.03235883014712826,0.04005239344828415,-0.016870435932910377,0.0092555742631939,-0.020933199829661464,0.01757223794706686,0.05028039419720498,0.010349412781156309,-0.008085081863753563,0.009634234794794194,-0.02855830493215572,0.05650136691185459,-0.08679899069993646,0.019262692117185676,0.00018444042975840347,-0.2753745854606985,-0.0032771502495171356,0.07457028836176427,0.01505328004083295,0.019391901278092538,-0.04948466488066594,-0.04506340771946482,-0.016102946808255747,0.003890560350844563,0.05102952101607694,-0.03861912828743941,-0.010372601666240877,-0.010125928100736425,0.0452212027764507,0.0005228872331548562,-0.003522869356591185,0.1016092369053807,-0.066837026451535,-0.026600656318980676,-0.006851411266764584,-0.07236941369650884,0.013337952756437899,0.044154453596453314,-0.08519930976361201,-0.09204875604356122,0.014826300100271306,0.007370789301367031,0.04234936749460738,0.08843012848799892,-0.034221916155290466,0.04819787840860568,-0.006404482848757165,-0.07847022689417527,-0.031504984266385594,-0.10241606669687231,0.022596257497637495,-0.005373226564529543,-0.026290993636616578,-0.022092909339665012,-0.01571704941933849,0.01830946527528332,-0.08623386827836255,-0.07268648372594655,0.02622481394225029,0.01448748744905859,0.05526619513092901,-0.013288688441289831,0.011298226245232357,0.009951093789880128,-0.005920046903295173,-0.010087161110424625,-0.09348948108347377,-0.01245557782290485,0.12396781227138898,0.0185944713526367,-0.02918004508686245,-0.051343941098872636,0.033159513219462644,-0.0012003959100267414,0.0065667656697043775,0.03925263506066967,-0.05411966726409545,0.028435729842815505,-0.028229310205626912,0.033604915542931435,-0.024179725862705226,-0.07307403654276545,0.02061505970377331,-0.07306463239406646
IMX,-0.03378354528733518,-0.06861060647024153,-0.07927933049829416,-0.08605740720192157,0.08005112663563319,0.05822455220232259,-0.08170096215803146,0.01744712959292083,0.057827209929316004,0.019369003439709154,-0.0703224934594695,-0.005293609789611353,0.016205239699585983,-0.02194682659300773,0.10386116425356384,-0.013177342627283428,-0.02753386612649733,-0.0026766993461522226,-0.06753044726457036,-0.011197224359906555,0.00747405942458923,-0.26820062704155756,-0.044523854032974874,0.1501791990906831,0.04045506792843545,0.03769686624924451,-0.11377550704549932,-0.04443104170767087,-0.022964391781762128,-0.017382820581689384,0.07531527947322547,-0.05363594682339434,0.00488457923104435,-0.004217559995164044,0.05688674879787592,0.002738595266220889,0.007708141910571564,0.051827290155604944,-0.07756101396518478,0.0035490400055420146,-0.004334216011079639,-0.04604435271698104,0.006427827932407482,0.04637042427485416,-0.08602440471301531,-0.10033162483556135,-0.014040416884862239,-0.03173587328722527,0.038149787550554315,0.014472699147380697,-0.035905174558302,0.06909724257620331,0.06633827853051444,-0.07204567132613693,-0.012151737363267356,-0.10030211180414716,-0.0005098741114999417,-0.023954421541457438,-0.008828900828084296,-0.025347111220261676,-0.015162094989725983,0.024045834700856084,-0.0958968698891659,-0.09447260682451764,0.05191785666338844,-0.011817601774081643,0.0093229086751081,-0.003030702194599333,0.01616987560473704,-0.030995037323859664,0.016636331933447712,-0.04630080379822599,-0.08383125295850513,0.026877094227677034,0.1137002911694498,-0.02580551242385032,-0.03760984303456316,-0.03216273910266332,0.02439255675738705,-0.0060294059604592,-0.02505602943752805,0.04048143643953117,-0.06720440815922879,0.014881559464584138,-0.030004418253637866,0.005935570228275955,-0.005913204249961779,-0.09553522657057922,0.000332429120675215,-0.05496655526756855
STX,-0.035386537520211925,0.0050039756566124804,-0.05895986427620836,-0.03291678674356158,-0.0024263958572572353,-0.02391236759603177,-0.030047204632902447,0.021203084290683627,-0.023084818707698185,0.028741095821182894,-0.015933234332305424,-0.002605818023807882,0.06651898495355213,0.00943856480378269,-0.007075389183210823,0.010172665416092297,-0.02853780629738767,0.10136761871483224,-0.09601403951390797,8.293493701394539e-05,-0.005328451753988883,-0.26490562252220673,-0.029219763388371178,0.0893723903794732,0.006431221228311523,0.015151104285368255,-0.03763956479450237,-0.04415824495927978,-0.01917997118475201,-0.017599413335437353,0.06749362082827992,-0.04913488424441326,-0.0013685703053832876,-0.0028245329873509695,0.04281924809446802,0.009822871612018336,0.010153309534898902,0.04454167379701657,-0.041351455104575385,-0.01667915915206908,-0.012555499919945645,-0.05705002660802938,0.00463204978809828,0.024449182110897194,-0.06819848919629223,-0.07923845331235124,-0.018665597708520276,-0.013339315357862813,0.06246392313839855,0.09618263749501432,-0.04144093317321085,0.0810644510685361,-0.008118868900203635,-0.009473309318102419,-0.015048853112527016,-0.09546386757966807,-0.01915405642855872,0.0004389457615840975,-0.04643530042644162,-0.03164344905076677,0.007937898165406354,0.012803656998788826,-0.06196832821319487,-0.06756394012773581,0.030705994495860978,0.002285878342579206,0.027070440557563247,-0.01141701332229117,0.02571953015449835,-0.016892972219304414,-0.0036005982708788853,-0.013782059472322028,-0.09627436979114079,-0.010795861444831578,0.12741852592366243,0.012619291362107488,-0.044630256814108704,-0.040909614435613695,0.02281539683664624,-0.001055358349705604,-0.007700720351019874,0.0601240406723067,-0.05987821468203247,0.0008023881976573222,-0.028916560613996167,-0.0024401052640140586,-0.019562525157401534,-0.07239681667177844,-0.0031821279019251802,-0.04197264030157277
CRO,-0.011215803066106478,-0.013195585325234682,-0.09728388544705469,0.0047911077579865236,0.0017946960764738673,-0.0791731160572382,0.016649929607090108,-0.033427275687920144,-0.012295222009548912,0.012373149288765095,0.006933029912113309,0.019829313484588384,0.10336817399707598,0.012164193408122692,-0.004285968820182506,-0.01763329581721984,-0.01573797740180949,0.012077730706498535,-0.0668253488543109,-0.007985958240268487,-0.013163206585650511,-0.1759600549300585,-0.0018009483240982727,0.08024604165844207,-0.047843708213935465,0.01703549220844236,-0.05487088540600771,-0.06819997378865739,-0.007145969537085128,-0.006127539129279547,0.07665297467653742,-0.06072220847771159,-0.0006094899056395819,-0.021148203808590615,0.024303210183490798,0.02907366964438629,5.349444601776554e-05,0.04089597106882592,-0.033622165031903406,-0.006053442194221659,-0.022295350896961774,-0.0021903234884871337,0.0009476849952723132,-0.003905162220563918,-0.04551948499378289,-0.09986937748550062,-0.03350443051222041,0.010431906412450953,0.0330288036827,0.01022162115754699,-0.02418809347976414,0.08224992387448604,-0.006572208284964076,-0.04766375476025975,0.006982896297176522,-0.07422744365798084,-0.021860153208030808,-0.008371494971876836,-0.03389981918942231,-0.06323991429726261,0.04301120897577704,0.007704530182808478,-0.08424804045019141,-0.025727086630759732,0.12354512794796668,-0.020279149345257874,0.03214340444617236,-0.015962113383375276,0.03150159145781606,-0.026124555825243756,-0.010101377721366211,-0.01150323930256103,-0.06951921375539916,0.026241071005631555,0.0682198596029795,0.00443397277844837,-0.03473669005869218,-0.022528436250219386,-0.003379107332964426,0.008204211636552827,-0.012348351311428418,0.018410395041332794,-0.03626597791255959,0.00675639924588145,-0.014591911607895747,-0.012930425450985217,-0.02309165059288054,-0.028112345682368978,0.002296397692308272,-0.029644187795266452
VET,-0.03778460775355741,-0.011323763643688589,-0.04027432602555647,-0.03909549175463645,-0.006420889375574723,-0.018740148924174416,-0.029208206604183884,0.026763505422766398,-0.02636120124143093,0.014381880720645723,-0.002446817276870128,-0.0026271400235379216,0.07156545900939792,0.012267803965023028,-0.01171348158097163,0.009173984138084013,-0.03192209171986804,0.027868459367568876,-0.044624234983067224,-0.005445278431515654,0.003232004890914908,-0.23087523474518612,0.009229806432246468,0.10082298105158216,-0.009348387086025367,0.009282453228743437,-0.049582189252244,-0.0494561125037869,-0.003247425472322929,0.007001253274503627,0.04828461604793621,-0.053716220776181434,-0.006432361081419202,-0.002661364311326908,0.015901910446995515,-0.006811220634100668,0.007169529971251309,0.03142052663538397,-0.04478733745029817,-0.017343855973500744,-0.008601363949682916,-0.046396375242801935,-0.0034230662103852394,0.02781975017688265,-0.0618548157119877,-0.057516084794354994,-0.01235057399092343,0.05917978171196725,0.028122091229143997,0.09334352563825621,-0.011202532841954604,0.04103596315268043,-0.007395738613152125,-0.011880076044545551,0.011057269443120132,-0.07859736422635111,0.004318258159017763,-0.007233586289455141,-0.04278187391533672,-0.041229362988068674,-0.01893714829991855,0.007843778309816418,-0.07484364586875192,-0.04552979387937539,0.024828012315764036,0.013126394712249967,0.032031765695720305,0.00045697842919167897,0.011194051012248574,0.00411784448422825,-0.015930015228736605,-0.019524503831766737,-0.08770337969617659,0.01461568348478548,0.09233899811572277,0.004781922065443034,-0.04370846531000783,-0.025495758956770365,0.004446783465218651,-0.015517160707769762,-0.0017819776938824416,0.01145013616982804,-0.05657515596313034,0.014565639183429235,-0.02856046100127929,-0.00014333974711133735,-0.027378468872397477,-0.07501534467983217,0.013970131059758195,-0.040647712186688834
MKR,-0.03841112347263553,-0.03156183908335941,-0.0350550684579124,-0.030002681370189466,0.06040883635826355,-0.05993002082194132,-0.010653984098597524,0.02673961959287774,-0.0388512781537913,0.044396686323138645,-0.03912547636024721,0.04410662020113709,0.038946482024862616,-0.01550928714191735,-0.010649621872339643,0.0033863419345681045,-0.012261802321532178,0.026947042629021034,-0.06074958727083124,0.03233378807131748,-0.0009102225247722417,-0.14443228982237488,0.0237603872120995,0.053457087416320714,-0.002282862433690136,0.01580888986568274,-0.05686213446382393,0.0015405351709711912,-0.008428794559864672,-0.005303733021547852,0.01277957782091721,-0.021572987021854395,-0.009314785016191207,0.007159260626738995,0.036144212653777874,-0.024486499244700144,-0.004541611454412342,0.026768779213748317,0.003391480631114163,-0.032223536079619586,0.026845371519291783,-0.04489972187534186,-0.027093005952466775,0.0007067024654112686,-0.02062610400031384,-0.03439358066999254,0.0025101285564574916,-0.030785920534734945,-0.02236357287711277,0.07669837257356305,-0.039618287905087035,0.058284971154207055,0.026592655677932564,-0.0381022500962267,0.07652488882945141,-0.05541907868509666,-0.06226365122243194,-0.010649724731191856,-0.010552589777001575,-0.03070293780346134,0.00843570232430424,0.0036983189152057783,-0.04165625864640965,-0.07247439717313398,-0.038703370255660396,0.023441575683437188,-0.0025183190330357874,-0.006755482712697769,0.09396209823931168,0.05116820251776999,0.028323240565059304,0.04770541677998508,-0.05193272753798395,0.05156191998482895,0.06250664373635861,-0.01251418456914244,-0.00012084016931523944,-0.04733241294386692,0.007339631319194018,0.01316442320752742,-0.010893338167807354,0.033349313342839526,-0.015448349755878832,0.0343170517446707,0.020513982621804372,0.009378094531384829,-0.028794243385203755,0.011362959434971343,0.04450752492501109,-0.062563183112195
INJ,-0.0350528240930742,0.0008527478711357617,-0.08702460489680475,-0.031621296683843725,0.0013148117005949977,-0.02244291265236431,-0.04770177622184513,0.017741250364905925,-0.005651464193479949,0.030758890586622067,-0.005836976615959055,0.002392355181332295,0.0631238949486812,0.00636261715078934,0.045674518969321065,-0.037818300979785,0.007674984155592979,0.005410309647475353,-0.058964692552345266,0.008676061338425134,-0.007937725290576236,-0.2686900282942434,-0.042181122893705014,0.0969766294548613,0.0016805032237408035,0.004226668757545848,-0.05045988462457318,-0.04931630399766174,-0.019888258323862096,-0.002002213420406296,0.049587576565093716,-0.0465146038303762,-0.006419867872782481,-0.008250205378403819,0.033006696544593206,-0.02571931917603687,0.013768071568825535,0.07023644246700322,-0.05514087501044174,-0.013011704597125195,-0.0034493255772211073,-0.06830996429049363,-0.03126626463465809,0.05498005116940807,-0.08960589419298404,-0.10100466778210004,0.007572524128642177,-0.02480667957888094,0.04344899139943559,0.1891446760760398,-0.10360751716582672,0.12386142052991667,-0.01686943477388758,-0.03663254499035151,-0.008287003503074875,-0.059428146610166155,-0.03322606275132711,-0.004436511600846682,-0.03485062514832726,-0.02809967853281725,-0.0038424422473652964,0.03494958142135696,-0.11535361488298224,-0.1013248077113873,0.04358905953066827,0.00605556329899648,0.044275870333381206,0.026949140506687064,0.010141978197137025,0.019998901988670825,-0.02011627978425312,-0.01523235683513502,-0.11424079521762909,0.008713052620805684,0.1252632631256856,0.014929096512246831,-0.04126934934543436,-0.04610905813621213,0.01350089180956271,0.01606555331778825,-0.01987426166135864,0.028956041245922437,-0.04857369489261931,0.032352701985705945,-0.0357100002611479,-0.017564599062944275,0.007654340597574638,-0.07999015470568493,-0.010314409704597072,-0.04839665200466625
OP,-0.035505977705655334,0.012611031429572872,-0.09414996789892938,-0.050835770663190005,0.0060100465523940105,-0.03972027775338549,-0.040407135443503495,0.03488673272235765,-0.011097334646391066,0.017524969797722445,-0.008414303718396687,0.0026359049814284052,0.0720688717923128,0.02386179629770724,-0.001563652150664896,0.012180483908785122,-0.02726337461444872,0.03549320307591852,-0.05996977344678034,0.015973326963320877,0.014415221030479097,-0.33789284495402827,-0.04353760496751802,0.038987949333089356,-0.010083147252821445,0.01865673786674371,-0.05220639304442598,-0.06349703224445813,-0.012395141585468172,0.010275325798343449,0.054173982082857064,-0.048884168185931776,0.010110793405781582,-0.022402825364051582,0.04663213216758311,-0.0008170666621418743,0.00805539280368861,0.061927779152268325,-0.050832448430586874,-0.028875615776999597,-0.0035329956977603327,-0.07727139524814852,-0.007593770449514703,0.05489692374648092,-0.08809866934649035,-0.09686448038385564,0.0172125046824525,0.027893448038526447,0.04805000911029045,0.11328018612559387,-0.03529754707533206,0.07417698169223552,-0.010642333824378847,-0.04719622546230584,0.007212246062840544,-0.0785674562646097,0.035955805519271467,-0.00030646748139673274,-0.02217036930997207,-0.024812398071070385,-0.025443174203515606,0.0348203271536065,-0.07496417902691566,-0.1735065597741321,0.05423788345340985,0.012063316716425687,0.01869928942312371,0.013974763860399975,0.01397036427836107,0.011894476733702586,0.007177475017339452,-0.02123351136726115,-0.09423981391413583,-0.01915883780179184,0.11258418807548765,0.012956849311092311,-0.018019725530862063,-0.05952389715368955,0.060036650253163515,-0.009452241209748302,0.0053268262439820635,0.057578948106080885,-0.07262997853827513,0.015244668520820515,-0.021018343591421962,0.005507083724098916,0.0076183108213288,-0.08448561065045312,0.01412182285863306,-0.06288668730944891
GRT,-0.03598909379648785,0.00817188143393488,-0.06824519035723642,-0.039624702338343254,0.005342103282869992,-0.026869537035556834,-0.030690184499348017,0.030921081588212385,-0.03000968677235505,0.021442287822934336,-0.012504776269166129,0.004051123386560551,0.06787988950191015,0.012793512319788647,-0.038617244737559786,0.021528022545508785,-0.03252152226217342,0.036291056016963585,-0.05560269555453656,0.0043276721932785644,0.0011882023559812716,-0.22224530227229555,0.006770157147431899,0.0665981517631411,0.01096793188698375,0.001525488862937019,-0.043355036876464026,-0.028586420054094397,-0.023428812898836027,-0.006156637522872321,0.060950972130580094,-0.04743747946970511,-0.0032934119153171793,-0.016957703662212276,0.05145388598388623,-0.020839959586731793,0.018285714824533672,0.03125373780285656,-0.0384207515719055,-0.018112364508513057,0.0010999029955343076,-0.028729802497179047,-0.002853169935901123,0.05209441376877244,-0.06923612375545807,-0.08094757146807119,0.007130767536795091,-0.007879090288853696,0.06255308878744903,0.150350364952192,-0.04843346019406225,0.07299383813247062,-0.023743987648534692,-0.028182352178167447,-0.011577835352858945,-0.07787273694302832,-0.02006516142925696,-0.009785011909116959,-0.009274558636551022,-0.025292568287004547,-0.029921685847470014,0.01708573582456885,-0.04943074507396494,-0.08649634657913285,0.055078658874327724,0.0030575873431115674,0.009214888219700734,-0.0023752343623522076,0.01639866848481608,0.0008258873817759138,-0.010878108321843216,-0.020532789925343464,-0.07553231030923135,0.0029267077634393956,0.07641990422119727,-0.016264556672871744,-0.030233996925603135,-0.05258826289824359,0.032735345868553756,-0.006724835357090564,-0.019325293977954905,0.015571287410289125,-0.0505693988543392,0.01703441326726085,-0.08120203945315518,0.008501532297862546,-0.010380049136298863,-0.07094287394523713,0.010245066593381758,-0.026149351177163105
KAS,-0.024617121904478623,-0.013198876660611036,-0.057466200632499076,-0.002314977825659925,0.00676767717279092,-0.029923144146819736,0.030640178160489917,-0.009480221507605968,-0.037659269315465926,0.020631562264377568,-0.012264380626435867,-0.0023093367277918775,0.056692908468108705,0.0018093152244185173,-0.009736896798587136,-0.01987562091094719,-0.025752858930678912,0.039476471359123355,-0.05234798665254303,-0.0016234616181870498,-0.004059609975397116,-0.1913157248417473,-0.04847958930254226,0.06025302859208104,-0.000387311078362651,0.002373279849468224,-0.05528213647742097,-0.07048852361211722,-0.03640609388569427,-0.01805146867394003,0.07384407354101552,-0.040668665619557065,-0.020189556355343474,-0.0172220346797316,0.03110745860889108,0.02408343791039602,0.08849668304165847,0.019981182104948703,-0.03698201932840117,0.01112560698144982,-0.00036584769155778574,-0.052135661651153686,-0.023072504544833006,0.011211760862747111,-0.08766806738571709,-0.09304771352581387,0.011491539023273267,0.016590581144652727,0.13128306445050986,-0.028635168694734925,-0.005296892980592549,0.04845720823349153,0.009569932119947833,-0.07559381615482053,0.0418594529437879,-0.0745342051507385,-0.023317922476027153,-0.01674234610780667,-0.015507608893096991,-0.05500994260565062,-0.011763713804760156,0.037276394446996486,-0.07235977276083727,-0.0611752258328605,0.03332836035075504,0.06393494625847329,0.18700614490168554,0.02350512341934885,0.16443656348709457,-0.030749231268008437,0.03753705252950934,-0.04180187519956924,-0.06389091175147676,0.021605421404902625,0.08430749710448882,-0.022590284602167943,-0.04408972361925001,-0.027785417331081308,-0.03360288030723457,0.03543549572281668,-0.035728130520508716,-0.006675208764403973,-0.046780032812501426,-0.012777494345803109,-0.036599299372733096,0.006378720647511216,-0.025770096625881034,-0.05099372729596707,0.02811522629372898,-0.04166289300562165
XLM,-0.0025940361675804713,-0.0033844726829234117,-0.07230120873014134,0.022967763506404948,-0.010052521198399722,-0.006441304350407018,-0.03424908664428761,0.029755553685072655,-0.012937482328668648,0.024468510033708757,0.010451416205209174,-0.011811236900794442,0.09305213013102587,0.005478746480932717,0.00208240447734398,0.000490428504811069,-0.006034022879331524,0.014697435196776576,-0.06431006487839774,0.0056298496176387935,0.0026338229712203898,-0.15203390151957785,-0.004144967162788893,0.04975430669329173,-0.012808863493933842,0.004041866304212771,-0.039117808998091363,-0.0430573004940672,0.006657161781292942,0.0013552623448116474,0.0449581031274664,-0.03585102769020143,-0.008936683418592328,-0.005983662303333803,0.021498384067215603,0.011628703849604571,0.014761999126763792,0.018972862990888295,-0.023478969981362008,-0.019647334965973928,-0.008773537366321138,-0.03853814735772543,0.0033048292044175476,0.006806054749156409,-0.04424068304648665,-0.06972474786614369,0.009350999809674798,0.0029926709286023367,0.003932445878493729,0.04336034270739875,-0.03635055576461588,0.06064303291222073,0.0040001763997188355,-0.03406670735654205,0.020467322627841344,-0.07702284998093101,-0.012833289292946803,-0.013491596598824485,-0.0208067598962961,-0.03224741156701727,-0.002269725337533335,0.016168356448706955,-0.06719111322589588,-0.0236838328498582,0.04056869323785994,0.04655787941868872,0.01326554908505484,-0.010627164659582133,0.026596150824975684,-0.013014706704814638,-0.004137086049845862,0.003534368055697845,-0.08485609328222377,0.005839155236337934,0.11436783766033765,-0.013144884646452581,-0.019499564468020814,-0.042341498305008995,0.001770757613183127,0.004317697402762111,-0.014881025789738822,0.05947151488238234,-0.042563015782702385,0.008761540073990881,-0.020330394453016765,-0.010938477084094456,-0.016109700246829783,-0.06283084960307606,0.00025433021542697887,-0.033470381842029995
XMR,-0.006031109702973159,0.0018958142723140003,-0.03204400571824184,0.00980075412624215,0.03285303814998586,-0.03033352091427688,-0.0005058234786466942,-0.015821856461176065,-0.0011854089221376984,0.007306730038731057,0.01063230392818526,0.008009313398328999,0.07992242290790386,0.030560821046809128,-0.01809980502458297,0.04004744244937597,-0.0413552276806467,-0.006258705243616158,0.007944651084228926,0.04925389790876311,0.00822362147466249,-0.12680839975788138,0.017302783704162827,0.016364592339822792,-0.0023241737371195725,0.043352205298013535,-0.005201369011732626,-0.057504688498244416,-0.02332273791418693,0.06425365557530127,0.022721794577334586,-0.03844412955339749,0.008562335569076485,0.04288702669011357,0.010984879352313293,0.004674804037350322,0.03383456403253482,0.02603866157808299,-0.007204797900909221,-0.01805885718560396,-0.02349107281409757,-0.02432698721380122,0.06182939642229268,0.014123006904580349,-0.03141393793156311,0.015497037558683369,0.018786127150906662,-0.013142206274466273,0.06091334049793651,-0.015893980044995648,0.2357275716359266,-0.041307634016541916,-0.11127399196887633,-1.6642940344091528e-05,0.05266269064248541,-0.013167189888549369,0.06775875470410142,0.022546382601091652,-0.07047250362520452,0.04015992891940834,-0.11650788218230212,0.011894905757003915,-0.0885128733860654,0.02356354953501749,0.16479634555401845,-0.04078935679296647,0.027343050912406186,0.01084045702538794,-0.010075128360947483,0.025164629580334053,0.009416350875420365,0.011200011301793378,0.009095371559251442,-0.03797117461359989,0.017755824352053695,-0.010862668096358274,-0.00505492087930226,-0.025567598965868243,-0.013401230702464795,-0.04011853643533514,0.008194350143867934,0.055613202875691936,0.02124351343577624,0.036359630947479404,-0.024139486021519385,0.0223594521335857,-0.035079187512064514,0.02046783982912781,0.036188572245679396,-0.012183969639693815
PEPE,-0.027458698010145,-0.01013020142173815,-0.07690810355496325,-0.030620723071795863,0.004611913918584953,-0.011270881163073732,-0.03851319819459309,0.025437821974242825,-0.027938131855134163,0.02582828055059916,-0.009964209539923163,0.0062145780786844185,0.07931029797225109,-0.01185513620292511,0.0028882124804874287,0.002981376481407505,-0.023873380629091723,0.0406596999680886,-0.08211225374246989,0.0035323026582210204,-0.0016494067890244768,-0.257124177067811,-0.02973254480304377,0.1223093165706357,-0.011208151217512952,-0.003585914916127031,-0.037996397595233655,-0.04668987398895397,-0.01734638158627133,0.004994674587639025,0.06735770113616502,-0.048236959637932064,0.00180478082230362,-0.017147868254968612,0.05226090782202353,0.005234541071706511,-0.0064083649828655664,0.035455206819716034,-0.037002234500594366,-0.016863077378615143,-0.004060857408880514,-0.05303610798276692,-0.0004488876647436024,0.020176297880730054,-0.07621967514758654,-0.10580432783867855,0.02567027601338223,-0.006857247452312865,0.012207125045817557,0.07433036585246122,-0.03390205352371101,0.038697133613051715,-0.003210119356420238,-0.040518429389674426,0.005284982933224214,-0.09988670110957254,-0.0455496176282818,-0.017794364410956165,-0.014824461309416725,-0.023731201452660056,-0.016291867688367767,0.033479769203057064,-0.08455425984819442,-0.10087503092847627,0.04713274315322713,0.03212372026798982,0.041592873949017006,0.01361416452336739,0.017632060835954144,-0.006655690179867779,-0.005826898949830461,-0.008870818289434701,-0.08468050254480242,-0.03614462443135569,0.1691824162165816,0.025286782594053037,-0.02559929856133747,-0.0723495152352931,0.03910943202312267,0.01687108133165993,-0.002281122371634803,0.04453140353745866,-0.0642702465174747,0.0213250863561667,-0.042171193432284815,-0.014356834091800441,-0.006979598730907477,-0.06827201178869613,0.015163057575684258,-0.03949709056955786
FDUSD,-0.0003469899184780356,0.00018546505909400324,-8.566419673616821e-05,7.958466195923108e-05,0.001134003077500001,-0.0012970199895889767,0.0012127930979752843,-0.00044745159761394593,-0.0007231290648044286,-0.0001270307882437205,0.00030023280168300914,-0.0004277956358168522,0.0011131782653901467,-0.0004547436319582987,0.00010584271545655,-0.0005141746001136038,0.0001634422265908153,0.00023417967420202856,-0.000809829420630348,9.581273092695852e-05,0.0009389306677938247,-0.0008456539488219672,-9.578125811893212e-05,0.001023362573005615,-0.00017013700537682475,0.00013083907275968087,-0.0008100589490352972,0.00039973690331240874,-0.0005026831868847337,0.00011314606563805896,0.0011766049935315603,-0.001215235748237009,5.999007161916481e-05,0.00048509194249257703,0.0004835493417265635,-0.000267457325553222,2.5290369257247036e-05,-0.0008794285249309475,0.0004824064038730924,0.00019969470023317726,-0.0008784762876129504,0.00036542165586506137,0.0035191840909958305,-0.0020327370760659935,-0.0014736665690814332,2.464216950071041e-05,0.00045739904909569695,-0.0007603616911290301,-0.0005436150765842918,-0.00018532020736772292,-0.00016869810215314196,0.0017053868046250642,1.840129530328305e-05,-0.0009688800323089941,1.0305759298612216e-05,-0.0007706735103865103,0.00034095588654614595,0.0002635899173522027,0.00041490610327410415,-0.0034665452852895573,0.0029592214792917293,-0.00034508851364978277,-0.0003108682612839031,-0.0002281753286009769,-0.0001171328801977678,0.0006520353823007419,0.0012259438292772096,-0.0011317043620595602,0.0006061094555107616,-0.00019544753991562747,-0.00027464261368914666,-0.0001910046010336064,0.00010356339542982873,9.106273366277229e-05,0.00110678703799727,-0.00010155522506327674,-9.864377364532384e-05,-2.1275689197075565e-06,0.0004042541176412229,-0.00030583053145849526,0.0003004307764626901,0.000506302338067588,-0.0004989978319203114,0.0009946440184502858,-0.00039392596561060866,9.492038998315522e-05,0.00010303701933644938,-0.0003021213101848108,-0.00010237244210586915,0.0004005206768800118
SUI,-0.03664534500882588,-0.007539638037055152,-0.0538647277974883,-0.03067383972959814,-0.00012017695572252851,-0.02451368379269636,-0.04894858303331695,0.028159439355609717,-0.021477708445512222,0.047503417670126336,-0.011083027429760084,0.0005962618993875513,0.0939044485205025,0.006395679575347257,-0.011118506845405829,0.03268751390233238,-0.025732482817777402,0.026091786862854516,-0.0558107340305114,0.007125431596801457,-0.00496564071819916,-0.21864007590500478,-0.060567142524860174,0.10719835419638257,-0.009747722264423664,0.01286983277345044,-0.053377851449610825,-0.06084582730624133,-0.027909710086775896,0.021058639328176643,0.06994068665898756,-0.06975357645872304,-0.025139520560843565,0.006320851392555671,0.020770244030711815,0.014122462397429869,0.0070548361521822756,0.060871892907131464,-0.04454784367912756,-0.028015170955352775,-0.0026195895965721583,-0.06114995645649424,0.008010278560047102,0.002085658366727472,-0.07055890785961938,-0.09447046382018431,0.017948715080052358,-0.00881212825237132,0.007365846257029407,0.05251545171567362,-0.02488731554710888,0.05200362057714991,-0.0201727707332382,-0.05368825193768345,0.0009808817713994333,-0.1000583129903464,-0.01550187045490048,-0.015629792018520883,-0.031211586933484137,-0.04449633764090466,-0.010117134212733636,0.011489810670911815,-0.09510682212244381,-0.08639237302172198,0.01647768189146981,0.022585648590805363,0.10677085200670633,-0.016603055591339122,0.005660793274341991,-0.00490030487758375,-0.012752116232756183,-0.0071326571659465765,-0.08628073942444836,-0.01151359883085723,0.2847808672443495,-0.04593844274507486,-0.019683076225662344,-0.05522877061159004,0.028558608915880246,0.023156829263561995,-0.02262120544094437,0.03522753493467046,-0.04889293894792801,0.05587822179869306,-0.04134852914127296,0.01187397622796027,-0.015804038040953317,-0.06946985350882484,0.011382846373173106,-0.03894205125615291
OKB,-0.007202117136885011,0.04665840927782128,-0.04807425606513527,-0.056297851065795546,-0.01152922266984635,0.005259034727906675,0.05999110912113803,-0.0018961970970514663,-0.0001821480786214913,0.01320427166433058,-0.016420038946100113,-0.014940889812027902,0.03423810763931723,0.0007006605673944843,0.18087937736588056,-0.005488882132941408,-0.02235187756135859,0.033352216347737995,-0.06320298922106149,0.003242660843995049,-0.043234512859134044,-0.12505231263056116,-0.03894830654380321,0.07496921596547823,-0.028049349881573704,-0.0014186442078678585,-0.01989981888214787,-0.045410663453084865,-0.007833863896355764,0.0023442012177803395,0.025600260060751667,-0.049264517725230994,-0.018509003102656796,-0.005239942560974931,0.02856865916404905,-0.005966094387426346,0.016908407868828634,0.029784670444632733,-0.042581332832358654,-0.005201096218748313,-0.039938154891018596,-0.05256709152349259,-0.03743214456081201,0.015366473625828325,-0.078230811796279,-0.050821705522071214,-0.02677612917437977,-0.02568782191468222,0.006400435803501248,0.014696488144428477,-0.011265408447752923,0.05171405877491386,-0.012529798490633737,-0.012257057961991835,-0.0013715557117461863,-0.08211432964067056,-0.020976372644803898,0.026643829675074393,-0.00480232065614139,-0.033555879955793455,0.004550382288350807,-0.0036410877592503166,-0.0778775208795296,-0.03609553275058541,0.057468234114300465,0.010304235996740907,0.008346388036483798,0.005170050098710632,0.033727552594825516,-0.00590979383146506,-0.004907947119138778,-0.03545977670359135,-0.056382179129204735,0.0015774022359669182,0.07854841252822076,-0.0010364414347190376,0.010558662350001358,-0.029741508833813435,0.03257348820925454,0.01579448090747171,-0.008380650018366631,0.07621959284758639,-0.02020033674287458,0.01475586673046636,-0.01805318650605814,0.0028347906901919906,-0.03852407287973891,-0.04466057196173501,0.025075584447098676,-0.026372160322666538
LDO,-0.051233954879194354,0.01549566528525359,-0.08133279651648417,-0.048394681549883356,0.015589745679212008,-0.030336677362477138,-0.02648775918169921,0.027014158086373197,-0.013828217066146786,0.03327571592065981,0.06810905926123167,-0.06854613453966685,0.09581051089596304,0.029072699646785827,-0.025995768479831982,0.007436698845338263,-0.04548377531163561,0.06558060115861375,-0.06310885166745495,0.0148215615271583,0.0009449909457375227,-0.3079285601840194,0.005949458615531089,0.10391872363406285,0.04917833375309266,0.02876557856441564,-0.06814143066107825,-0.035323056672548425,-0.016504194352750856,7.12413925296751e-06,0.05942804115861633,-0.045645351435508186,0.008499752943488037,-0.015495655017840448,0.06223807326458086,-0.01830310784689071,0.011382436358160719,0.05711907963377083,-0.04579716770473663,-0.013396672443938606,-0.016116041007323112,-0.04487019881081,0.007118499236291598,0.020870256542196097,-0.07584866953047276,-0.12089878392085185,0.02026503967248372,0.024763252882280096,0.013871633527500649,0.07735126644871881,-0.03544469123832694,0.07350048598794068,0.017881156271267296,-0.0557618054121608,0.02766331963460611,-0.09175894523005756,0.002947459940588759,9.464370679035383e-05,-0.02401413768783356,-0.06322468598006581,0.006066898217192529,0.02951580198109016,-0.07923805574884701,-0.09175513695673831,0.052466943282071465,0.006166937962900132,0.024365539167723993,0.01270928213427358,-0.0075150701797137565,0.004504260280560057,0.00016141596249608092,-0.030230115138726643,-0.08080194635856908,-0.052662878867966834,0.1206156902529747,0.02769702715284783,-0.036684832187140026,-0.08181560821432243,0.019619361895002907,0.009357842393845184,0.013756252751641718,0.056372672766171084,-0.0655259431124331,0.0362027896804471,-0.027446269332589424,-0.0026035334168433844,0.012855074271504119,-0.09358766595290435,0.014888380797462686,-0.07138307043031378
QNT,0.001237587649789651,-0.005614341965955227,-0.03205432173369127,-0.041690314022642005,0.06102384905121183,-0.03886195075877796,-0.07274257882500312,0.07027563741088705,0.08003817694857118,0.014248104729383648,0.02386603373864804,-0.03314888773410041,0.07700791216488723,-0.019753100938081802,0.002739087797017703,-0.017647715878355674,-0.01974685457706893,0.033333904425833616,-0.04359626415816942,0.010177358393467006,-0.015312511119037198,-0.10647128390870653,-0.02529088905586896,0.01649604238251312,-0.022272484229416856,0.03378631634990681,-0.033069186722092025,-0.058689757440207324,0.02072377359646671,-0.003033616818002627,0.023887124180951735,-0.0451209183268001,-0.0026874454475582787,-0.009379263277890959,0.020382376845001993,-0.022838881080850082,0.01915237628693589,0.019933425568136043,-0.03464376947379033,-0.020724417333418566,0.018642485533887587,-0.000962331243037462,-0.014455911089794382,-0.0026343454570070257,-0.026969840434882597,-0.05834713218101817,0.003994081696978347,0.16264349559555358,-0.01736219965367436,0.02540163592031819,-0.04238588826802392,0.04591922093143497,-0.01874700723775935,-0.012392095669778613,0.03428410120137659,0.041127712380418346,-0.08484892916882325,0.05882961685249066,-0.054638830549399,-0.05927365901823034,0.015319400961670393,0.0003231382849746556,-0.050625156525892945,-0.02302721487200754,0.05689074742548694,0.015110255742421197,0.027713240587317722,0.08325211957275358,-0.03368742308030248,0.00926686267527388,0.11473808388499296,0.05470001263354152,-0.06324758703681033,0.04484328864903775,-0.0064375080153264985,-0.016875112534792458,-0.018126120358925912,-0.03548084523349482,-0.0025502244903512494,-0.00816926614787128,-0.02634964708492671,-0.0008285306099978795,-0.040315467848973,-0.010269225746632471,-0.007487637706208861,-0.021463226965866666,-0.027226510713255103,-0.032135562637647275,0.03293586620855482,-0.03733396753176543
THETA,-0.030083130940027014,-0.0018860628004656599,-0.06362339724791599,-0.04381776729471154,0.008555438515031044,-0.027943939191119704,-0.04437300906689334,0.023842525291831063,-0.02782564945738142,0.004348258857682863,0.0018921011288128842,0.00430980765175093,0.059877681277387795,0.0015548084264338513,0.01102684825159761,0.004917085321872072,-0.012497444189666584,0.04601988201929608,-0.05664283895273459,-0.011762428204716735,-0.0016642173123444515,-0.320311528149295,0.03169223812788258,0.1261171085979811,-0.008043471975782035,0.023631978289985645,-0.01646064327434793,-0.05326818515206666,0.016368041811178013,0.014988354045200492,0.026934670917078574,-0.05350584697048677,0.02055316760048309,-0.002156613536838825,0.02769575122391066,-0.028836958691235703,0.0016999526620986583,0.03445984148153913,-0.06521479092424831,-0.010769549187333638,-0.016665879016595886,-0.057494794877395616,0.004592243210210789,0.02383846076849827,-0.0948377496427879,-0.08651396525046218,-0.0014824391016601268,0.01177069574871381,0.07235862363813883,0.11998706561223216,-0.05728894718489752,0.03261209078902283,-0.02199061266047808,-0.013816586677404152,-0.0334431011148183,-0.0703441597373381,0.0025601084107007566,-0.012552938632801713,-0.019086446112107858,-0.022700007320310744,-0.01782472570359006,0.01373438365432711,-0.07566155391170482,-0.09286248033833555,0.06312533648361951,0.004863809580779366,0.025199052423651835,-0.003312141321383244,-0.0032936976924414774,-0.006429016594091452,-0.013777929100155961,-0.03381385093331546,-0.08742070087452536,-0.0006934714973528822,0.1092637494976274,-0.002421449943604159,-0.02568359147556487,-0.024923378396422002,0.030157875826790193,-0.0023754076343147634,-0.002256783693532549,0.02767235902339782,-0.040860080818720834,0.04460558949843918,-0.01077569453908589,0.013139642972023635,-0.017804524142383538,-0.06747270416322715,0.0018523167753181635,-0.06725605259886602
SEI,-0.05064675945474795,-0.0036478210417588697,-0.07203160354265647,-0.02670583289147843,0.009737472800762648,-0.024427617706318294,-0.04172316376621843,0.029064574783729924,-0.026221453631967928,0.0238642854349691,-0.0047956141180507394,-0.007283015587110753,0.0851799367792514,-0.019927953322069092,0.0042870476300029825,0.00822279942018933,-0.0280676822670457,0.047703290889877126,-0.07763013287357945,0.01487833821730411,0.014457269362086134,-0.23947991149136005,-0.05627285912265145,0.09561488565059673,-0.01671813954167467,0.007439808144300342,-0.03906617156207093,-0.060391111572972944,-0.050285610578524875,-0.006532329832427686,0.05140275590455379,-0.04562978685613572,-0.006432551496495131,-0.02115228477943798,0.04732388334513882,0.0002989652364684403,0.026486186960856806,0.045889926477208576,-0.05283058933614937,-0.01828589646470713,0.0079120948695528,-0.052601391689692134,0.023389180669188603,0.026675865679162802,-0.07773696565417876,-0.11976921785899552,0.01303431235523056,0.001125660237609294,0.028750174942876683,0.09545230383794712,-0.04014964293426282,0.051056847625746915,0.012985641626073186,-0.03568002986208296,-0.007468574370858794,-0.07277807411465198,-0.0006094291010494413,0.0028615154730251557,-0.046458674331476435,-0.04945905277939655,-0.025140789476457703,0.0246590343627342,-0.06073155074282932,-0.0703240996456832,0.01830450446103815,0.018757230476258435,0.012738732985422496,-0.0029974862831416704,0.01906265451058209,-0.0030870644236625777,-0.013131115042817276,-0.005464553068683542,-0.07426378852734683,-0.030548696093892547,0.14931758737822687,-0.0077518149871981246,-0.037783154560961374,-0.06078684043953719,0.0369451483592238,0.006037457405190683,-0.011490865928001082,0.07035229415180555,0.020331099195039615,-0.06430055915709276,-0.030694175404482604,-0.010791035607714439,-0.0163944876620149,-0.06382658437521727,-0.003425937775295984,-0.03420578998755841
